camp_lodi,camp_lut,camp_verb,lodi_lut,lodi_verb,lut_verb
SinmeB_6048,SinmeB_6048,SinmeB_6048,SinmeB_5993,SinmeB_5993,SinmeB_1571
SinmeB_5993,SinmeB_1571,SinmeB_1355,SinmeB_5986,SinmeB_5986,SinmeB_0637
SinmeB_5986,SinmeB_0637,SinmeB_1559,SinmeB_1571,SinmeB_1150,SinmeB_2177
SinmeB_1150,SinmeB_1355,SinmeB_1214,SinmeB_0637,SinmeB_5244,SinmeB_0889
SinmeB_5244,SinmeB_2177,SinmeB_4305,SinmeB_1150,SinmeB_6341,SinmeB_2067
SinmeB_1355,SinmeB_1559,SinmeB_3732,SinmeB_5244,SinmeB_4305,SinmeB_4305
SinmeB_6341,SinmeB_0889,SinmeB_0670,SinmeB_6341,SinmeB_0915,SinmeB_1480
SinmeB_1559,SinmeB_2067,SinmeB_1234,SinmeB_2177,SinmeB_1279,SinmeB_2762
SinmeB_1214,SinmeB_1214,SinmeB_1279,SinmeB_0889,SinmeB_3875,SinmeB_1279
SinmeB_3732,SinmeB_1480,SinmeB_1876,SinmeB_2067,SinmeB_2094,SinmeB_1876
SinmeB_0670,SinmeB_3732,SinmeB_1260,SinmeB_1480,SinmeB_1876,SinmeB_4304
SinmeB_0915,SinmeB_0670,SinmeB_3605,SinmeB_2762,SinmeB_1576,SinmeB_3605
SinmeB_1234,SinmeB_2762,SinmeB_1852,SinmeB_0915,SinmeB_4941,SinmeB_1524
SinmeB_3875,SinmeB_1234,SinmeB_1638,SinmeB_3875,SinmeB_3605,SinmeB_1715
SinmeB_2094,SinmeB_4304,SinmeB_1399,SinmeB_2094,SinmeB_1523,SinmeB_1852
SinmeB_1260,SinmeB_1260,SinmeB_1635,SinmeB_4304,SinmeB_2125,SinmeB_1638
SinmeB_1576,SinmeB_1524,SinmeB_1583,SinmeB_1576,SinmeB_1382,SinmeB_1399
SinmeB_4941,SinmeB_1715,SinmeB_1646,SinmeB_4941,SinmeB_6354,SinmeB_1637
SinmeB_1523,SinmeB_1637,SinmeB_2010,SinmeB_1523,SinmeB_2066,SinmeB_1079
SinmeB_2125,SinmeB_1079,SinmeB_1085,SinmeB_2125,SinmeB_1852,SinmeB_1583
SinmeB_1382,SinmeB_1635,SinmeB_1763,SinmeB_1524,SinmeB_1638,SinmeB_1602
SinmeB_6354,SinmeB_1602,SinmeB_1416,SinmeB_1382,SinmeB_1399,SinmeB_1960
SinmeB_2066,SinmeB_1646,SinmeB_1485,SinmeB_1715,SinmeB_1257,SinmeB_2010
SinmeB_1635,SinmeB_1960,SinmeB_1177,SinmeB_6354,SinmeB_1583,SinmeB_1085
SinmeB_1257,SinmeB_1258,SinmeB_1080,SinmeB_2066,SinmeB_1470,SinmeB_1258
SinmeB_1470,SinmeB_1278,SinmeB_1237,SinmeB_1637,SinmeB_2010,SinmeB_1278
SinmeB_1646,SinmeB_1416,SinmeB_1259,SinmeB_1079,SinmeB_1085,SinmeB_1763
SinmeB_1277,SinmeB_1056,SinmeB_1764,SinmeB_1257,SinmeB_1763,SinmeB_1485
SinmeB_1416,SinmeB_1764,SinmeB_1751,SinmeB_1602,SinmeB_1277,SinmeB_1056
SinmeB_1078,SinmeB_2316,SinmeB_1802,SinmeB_1470,SinmeB_1485,SinmeB_1177
SinmeB_1406,SinmeB_1762,SinmeB_1205,SinmeB_1960,SinmeB_1177,SinmeB_1080
SinmeB_1764,SinmeB_1802,SinmeB_1752,SinmeB_1258,SinmeB_1080,SinmeB_1237
SinmeB_3311,SinmeB_1262,SinmeB_3759,SinmeB_1278,SinmeB_1078,SinmeB_1259
SinmeB_1802,SinmeB_2095,SinmeB_1181,SinmeB_1277,SinmeB_1237,SinmeB_1751
SinmeB_1411,SinmeB_1752,SinmeB_1415,SinmeB_1056,SinmeB_1259,SinmeB_1205
SinmeB_0044,SinmeB_6266,SinmeB_2327,SinmeB_1078,SinmeB_1406,SinmeB_2316
SinmeB_1095,SinmeB_1181,SinmeB_1970,SinmeB_1406,SinmeB_1751,SinmeB_1762
SinmeB_1059,SinmeB_2136,SinmeB_2763,SinmeB_3311,SinmeB_3311,SinmeB_1262
SinmeB_1752,SinmeB_1970,SinmeB_2117,SinmeB_1411,SinmeB_1411,SinmeB_2095
SinmeB_4413,SinmeB_2117,SinmeB_1757,SinmeB_2316,SinmeB_1205,SinmeB_6266
SinmeB_2882,SinmeB_2727,SinmeB_1154,SinmeB_1762,SinmeB_0044,SinmeB_3759
SinmeB_1181,SinmeB_6419,SinmeB_3882,SinmeB_0044,SinmeB_1095,SinmeB_1415
SinmeB_4842,SinmeB_1031,SinmeB_6419,SinmeB_1095,SinmeB_1059,SinmeB_2327
SinmeB_1970,SinmeB_1077,SinmeB_1031,SinmeB_1262,SinmeB_4413,SinmeB_2136
SinmeB_2117,SinmeB_1750,SinmeB_1077,SinmeB_2095,SinmeB_3759,SinmeB_2763
SinmeB_2186,SinmeB_3802,SinmeB_3802,SinmeB_1059,SinmeB_2882,SinmeB_1757
SinmeB_6419,SinmeB_1146,SinmeB_1146,SinmeB_4413,SinmeB_1415,SinmeB_1154
SinmeB_0285,SinmeB_1504,SinmeB_1758,SinmeB_6266,SinmeB_2327,SinmeB_2727
SinmeB_1031,SinmeB_1758,SinmeB_2091,SinmeB_2882,SinmeB_4842,SinmeB_3882
SinmeB_1077,SinmeB_4341,SinmeB_2146,SinmeB_4842,SinmeB_2763,SinmeB_1750
SinmeB_3802,SinmeB_3794,SinmeB_1525,SinmeB_2136,SinmeB_1757,SinmeB_1504
SinmeB_1146,SinmeB_1584,SinmeB_4341,SinmeB_2186,SinmeB_2186,SinmeB_2091
SinmeB_0863,SinmeB_0286,SinmeB_1584,SinmeB_2727,SinmeB_1154,SinmeB_2146
SinmeB_1753,SinmeB_1389,SinmeB_0837,SinmeB_1750,SinmeB_0285,SinmeB_1525
SinmeB_1758,SinmeB_2260,SinmeB_1389,SinmeB_1504,SinmeB_3882,SinmeB_3794
SinmeB_0376,SinmeB_2881,SinmeB_1226,SinmeB_0863,SinmeB_0863,SinmeB_0837
SinmeB_1261,SinmeB_1218,SinmeB_2260,SinmeB_1753,SinmeB_1753,SinmeB_1226
SinmeB_4341,SinmeB_0910,SinmeB_2881,SinmeB_0376,SinmeB_0376,SinmeB_0286
SinmeB_1584,SinmeB_1172,SinmeB_1118,SinmeB_0285,SinmeB_2091,SinmeB_1118
SinmeB_1389,SinmeB_1087,SinmeB_0910,SinmeB_1261,SinmeB_2146,SinmeB_1218
SinmeB_2260,SinmeB_1654,SinmeB_1172,SinmeB_3794,SinmeB_1525,SinmeB_1654
SinmeB_2221,SinmeB_1236,SinmeB_1087,SinmeB_0286,SinmeB_1261,SinmeB_6185
SinmeB_0166,SinmeB_1756,SinmeB_6185,SinmeB_2221,SinmeB_0837,SinmeB_1236
SinmeB_2881,SinmeB_1877,SinmeB_1877,SinmeB_0166,SinmeB_1226,SinmeB_1756
SinmeB_0654,SinmeB_1499,SinmeB_1499,SinmeB_1218,SinmeB_2221,SinmeB_4897
SinmeB_1162,SinmeB_1512,SinmeB_1512,SinmeB_0654,SinmeB_0166,SinmeB_0047
SinmeB_0910,SinmeB_1208,SinmeB_4897,SinmeB_1162,SinmeB_1118,SinmeB_0730
SinmeB_1172,SinmeB_0928,SinmeB_0047,SinmeB_1654,SinmeB_0654,SinmeB_3584
SinmeB_1087,SinmeB_1533,SinmeB_0730,SinmeB_1236,SinmeB_1162,SinmeB_1208
SinmeB_1877,SinmeB_1407,SinmeB_3584,SinmeB_1756,SinmeB_6185,SinmeB_5988
SinmeB_2712,SinmeB_2330,SinmeB_5988,SinmeB_2712,SinmeB_2712,SinmeB_0991
SinmeB_1499,SinmeB_1566,SinmeB_0991,SinmeB_1650,SinmeB_4897,SinmeB_0928
SinmeB_1512,SinmeB_2213,SinmeB_2330,SinmeB_1208,SinmeB_1650,SinmeB_1533
SinmeB_1650,SinmeB_1131,SinmeB_1566,SinmeB_1215,SinmeB_0047,SinmeB_1407
SinmeB_1215,SinmeB_2387,SinmeB_1388,SinmeB_2450,SinmeB_0730,SinmeB_1388
SinmeB_2450,SinmeB_2240,SinmeB_1131,SinmeB_0964,SinmeB_6270,SinmeB_2213
SinmeB_0964,SinmeB_1238,SinmeB_2240,SinmeB_0928,SinmeB_3584,SinmeB_2387
SinmeB_1367,SinmeB_1475,SinmeB_1238,SinmeB_1367,SinmeB_1215,SinmeB_0568
SinmeB_2330,SinmeB_1497,SinmeB_1475,SinmeB_1533,SinmeB_2450,SinmeB_1408
SinmeB_1566,SinmeB_3831,SinmeB_0568,SinmeB_1407,SinmeB_5988,SinmeB_1497
SinmeB_1239,SinmeB_1427,SinmeB_1408,SinmeB_1239,SinmeB_0964,SinmeB_3831
SinmeB_6270,SinmeB_2092,SinmeB_1932,SinmeB_2213,SinmeB_0991,SinmeB_1932
SinmeB_3078,SinmeB_0448,SinmeB_1369,SinmeB_3078,SinmeB_1367,SinmeB_1427
SinmeB_1131,SinmeB_0553,SinmeB_2092,SinmeB_2387,SinmeB_1239,SinmeB_1369
SinmeB_2240,SinmeB_0827,SinmeB_0448,SinmeB_2153,SinmeB_1388,SinmeB_0553
SinmeB_1238,SinmeB_1204,SinmeB_3809,SinmeB_0344,SinmeB_3078,SinmeB_3809
SinmeB_2153,SinmeB_2044,SinmeB_1511,SinmeB_6271,SinmeB_2153,SinmeB_1511
SinmeB_1475,SinmeB_1775,SinmeB_0752,SinmeB_1497,SinmeB_0344,SinmeB_0752
SinmeB_0344,SinmeB_0967,SinmeB_1572,SinmeB_1083,SinmeB_0568,SinmeB_6271
SinmeB_1083,SinmeB_4967,SinmeB_1592,SinmeB_3831,SinmeB_1408,SinmeB_0827
SinmeB_2291,SinmeB_6271,SinmeB_1961,SinmeB_6270,SinmeB_1083,SinmeB_1204
SinmeB_2092,SinmeB_1931,SinmeB_1775,SinmeB_1427,SinmeB_2291,SinmeB_1572
SinmeB_0448,SinmeB_1561,SinmeB_1907,SinmeB_2291,SinmeB_1932,SinmeB_1592
SinmeB_0781,SinmeB_1049,SinmeB_1562,SinmeB_0553,SinmeB_1369,SinmeB_1961
SinmeB_1803,SinmeB_1889,SinmeB_1049,SinmeB_0781,SinmeB_3809,SinmeB_2044
SinmeB_1032,SinmeB_1006,SinmeB_1889,SinmeB_1803,SinmeB_1511,SinmeB_0967
SinmeB_1775,SinmeB_1370,SinmeB_2082,SinmeB_0827,SinmeB_0752,SinmeB_4967
SinmeB_1749,SinmeB_0880,SinmeB_2472,SinmeB_1204,SinmeB_0781,SinmeB_1907
SinmeB_2385,SinmeB_0652,SinmeB_0146,SinmeB_1032,SinmeB_1803,SinmeB_1931
SinmeB_1114,SinmeB_1528,SinmeB_6659,SinmeB_2044,SinmeB_1572,SinmeB_1561
SinmeB_4366,SinmeB_1464,SinmeB_1006,SinmeB_1749,SinmeB_1032,SinmeB_1562
SinmeB_0989,SinmeB_6359,SinmeB_0987,SinmeB_2385,SinmeB_1592,SinmeB_2082
SinmeB_1959,SinmeB_0564,SinmeB_1370,SinmeB_0967,SinmeB_1961,SinmeB_2472
SinmeB_3934,SinmeB_1403,SinmeB_1797,SinmeB_4967,SinmeB_1749,SinmeB_0146
SinmeB_1553,SinmeB_3070,SinmeB_0652,SinmeB_1114,SinmeB_2385,SinmeB_6659
SinmeB_1049,SinmeB_6625,SinmeB_1461,SinmeB_4366,SinmeB_1114,SinmeB_0987
SinmeB_1889,SinmeB_1117,SinmeB_0105,SinmeB_0989,SinmeB_1907,SinmeB_1797
SinmeB_1502,SinmeB_1256,SinmeB_0794,SinmeB_1959,SinmeB_4366,SinmeB_0880
SinmeB_0852,SinmeB_5486,SinmeB_1498,SinmeB_3934,SinmeB_0989,SinmeB_1461
SinmeB_1006,SinmeB_1164,SinmeB_1528,SinmeB_1931,SinmeB_1959,SinmeB_0105
SinmeB_1370,SinmeB_6171,SinmeB_1464,SinmeB_1553,SinmeB_3934,SinmeB_0794
SinmeB_0652,SinmeB_1275,SinmeB_0715,SinmeB_1561,SinmeB_1553,SinmeB_1498
SinmeB_1528,SinmeB_0744,SinmeB_6359,SinmeB_1502,SinmeB_1562,SinmeB_0715
SinmeB_1050,SinmeB_0958,SinmeB_1403,SinmeB_0852,SinmeB_2082,SinmeB_0564
SinmeB_1464,SinmeB_0041,SinmeB_3070,SinmeB_0880,SinmeB_1502,SinmeB_2038
SinmeB_3366,SinmeB_1934,SinmeB_6625,SinmeB_1050,SinmeB_0852,SinmeB_3622
SinmeB_1900,SinmeB_0988,SinmeB_2038,SinmeB_3366,SinmeB_2472,SinmeB_1747
SinmeB_6359,SinmeB_1981,SinmeB_3622,SinmeB_1900,SinmeB_0146,SinmeB_1117
SinmeB_2441,SinmeB_1490,SinmeB_1747,SinmeB_0564,SinmeB_6659,SinmeB_6396
SinmeB_1403,SinmeB_2033,SinmeB_6396,SinmeB_2441,SinmeB_0987,SinmeB_1165
SinmeB_3070,SinmeB_2859,SinmeB_1256,SinmeB_6118,SinmeB_1797,SinmeB_0545
SinmeB_6118,SinmeB_1550,SinmeB_1165,SinmeB_1570,SinmeB_1461,SinmeB_0026
SinmeB_1570,SinmeB_1397,SinmeB_0545,SinmeB_2208,SinmeB_0105,SinmeB_1164
SinmeB_6625,SinmeB_1414,SinmeB_0026,SinmeB_1867,SinmeB_0794,SinmeB_1474
SinmeB_2208,SinmeB_2477,SinmeB_5486,SinmeB_1117,SinmeB_1498,SinmeB_2696
SinmeB_1867,SinmeB_1440,SinmeB_6171,SinmeB_4908,SinmeB_1050,SinmeB_0744
SinmeB_4908,SinmeB_5228,SinmeB_1474,SinmeB_1175,SinmeB_3366,SinmeB_3864
SinmeB_1256,SinmeB_4329,SinmeB_2696,SinmeB_1495,SinmeB_1900,SinmeB_1069
SinmeB_1175,SinmeB_1409,SinmeB_1275,SinmeB_1191,SinmeB_0715,SinmeB_1038
SinmeB_1495,SinmeB_1368,SinmeB_0958,SinmeB_1878,SinmeB_2441,SinmeB_1977
SinmeB_1191,SinmeB_6564,SinmeB_0041,SinmeB_6173,SinmeB_6118,SinmeB_2880
SinmeB_1878,SinmeB_0352,SinmeB_3864,SinmeB_0404,SinmeB_1570,SinmeB_1397
SinmeB_5486,SinmeB_1908,SinmeB_1934,SinmeB_1164,SinmeB_2208,SinmeB_1414
SinmeB_6173,SinmeB_3883,SinmeB_1069,SinmeB_3888,SinmeB_2038,SinmeB_1826
SinmeB_0404,SinmeB_0635,SinmeB_0988,SinmeB_0744,SinmeB_3622,SinmeB_1440
SinmeB_6171,SinmeB_0538,SinmeB_1981,SinmeB_0685,SinmeB_1747,SinmeB_1368
SinmeB_3888,SinmeB_1748,SinmeB_1038,SinmeB_3817,SinmeB_1867,SinmeB_1471
SinmeB_1275,SinmeB_1471,SinmeB_1490,SinmeB_1910,SinmeB_4908,SinmeB_0541
SinmeB_0685,SinmeB_0541,SinmeB_1977,SinmeB_2927,SinmeB_6396,SinmeB_3286
SinmeB_0958,SinmeB_1082,SinmeB_2880,SinmeB_2860,SinmeB_1175,SinmeB_2037
SinmeB_0041,SinmeB_3286,SinmeB_2033,SinmeB_1434,SinmeB_1495,SinmeB_2154
SinmeB_1934,SinmeB_2037,SinmeB_2859,SinmeB_1759,SinmeB_1191,SinmeB_3876
SinmeB_0988,SinmeB_2154,SinmeB_1550,SinmeB_3031,SinmeB_1165,SinmeB_1590
SinmeB_1981,SinmeB_3876,SinmeB_2477,SinmeB_0825,SinmeB_0545,SinmeB_4189
SinmeB_1490,SinmeB_1590,SinmeB_1826,SinmeB_1397,SinmeB_0026,SinmeB_2249
SinmeB_3817,SinmeB_6269,SinmeB_5228,SinmeB_1414,SinmeB_1878,SinmeB_2214
SinmeB_1910,SinmeB_4190,SinmeB_4329,SinmeB_1391,SinmeB_6173,SinmeB_0454
SinmeB_2927,SinmeB_1455,SinmeB_1409,SinmeB_1440,SinmeB_0404,SinmeB_0380
SinmeB_2033,SinmeB_2249,SinmeB_6564,SinmeB_2017,SinmeB_3888,SinmeB_4874
SinmeB_2860,SinmeB_1575,SinmeB_0352,SinmeB_0214,SinmeB_1474,SinmeB_2046
SinmeB_1434,SinmeB_0454,SinmeB_1908,SinmeB_1368,SinmeB_2696,SinmeB_1557
SinmeB_1759,SinmeB_4874,SinmeB_3883,SinmeB_1471,SinmeB_0685,SinmeB_1143
SinmeB_2859,SinmeB_3874,SinmeB_0635,SinmeB_0541,SinmeB_3864,SinmeB_2728
SinmeB_3031,SinmeB_4306,SinmeB_0538,SinmeB_3286,SinmeB_1069,SinmeB_0786
SinmeB_1550,SinmeB_1143,SinmeB_1748,SinmeB_2037,SinmeB_3817,SinmeB_1052
SinmeB_0825,SinmeB_0786,SinmeB_1082,SinmeB_2154,SinmeB_1910,SinmeB_1556
SinmeB_2477,SinmeB_1556,SinmeB_6269,SinmeB_3876,SinmeB_1038,SinmeB_1144
SinmeB_1391,SinmeB_1766,SinmeB_4190,SinmeB_1971,SinmeB_2927,SinmeB_3697
SinmeB_5228,SinmeB_3079,SinmeB_4189,SinmeB_1590,SinmeB_2860,SinmeB_1766
SinmeB_2017,SinmeB_5987,SinmeB_1455,SinmeB_5280,SinmeB_1977,SinmeB_0934
SinmeB_0214,SinmeB_1153,SinmeB_2214,SinmeB_2249,SinmeB_2880,SinmeB_3079
SinmeB_4329,SinmeB_6379,SinmeB_1575,SinmeB_0454,SinmeB_1434,SinmeB_5987
SinmeB_1409,SinmeB_2256,SinmeB_0380,SinmeB_4874,SinmeB_1759,SinmeB_0669
SinmeB_6564,SinmeB_3037,SinmeB_2046,SinmeB_1143,SinmeB_3031,SinmeB_1153
SinmeB_0352,SinmeB_1849,SinmeB_3874,SinmeB_1850,SinmeB_0825,SinmeB_6379
SinmeB_1908,SinmeB_1051,SinmeB_4306,SinmeB_0786,SinmeB_1391,SinmeB_1024
SinmeB_3883,SinmeB_1084,SinmeB_1557,SinmeB_1611,SinmeB_1826,SinmeB_3791
SinmeB_0635,SinmeB_2254,SinmeB_2728,SinmeB_4646,SinmeB_2017,SinmeB_1249
SinmeB_0538,SinmeB_2047,SinmeB_1052,SinmeB_1556,SinmeB_0214,SinmeB_3037
SinmeB_1748,SinmeB_3867,SinmeB_1144,SinmeB_1776,SinmeB_1971,SinmeB_3801
SinmeB_1082,SinmeB_1610,SinmeB_3697,SinmeB_1766,SinmeB_5280,SinmeB_1213
SinmeB_1971,SinmeB_1176,SinmeB_0934,SinmeB_3079,SinmeB_4189,SinmeB_3549
SinmeB_6269,SinmeB_1053,SinmeB_0669,SinmeB_2248,SinmeB_2214,SinmeB_4328
SinmeB_5280,SinmeB_5350,SinmeB_2256,SinmeB_5987,SinmeB_0380,SinmeB_1051
SinmeB_4190,SinmeB_5353,SinmeB_1024,SinmeB_1153,SinmeB_2046,SinmeB_2255
SinmeB_1455,SinmeB_2222,SinmeB_3791,SinmeB_1235,SinmeB_1557,SinmeB_1084
SinmeB_1575,SinmeB_6196,SinmeB_1249,SinmeB_6379,SinmeB_2728,SinmeB_2254
SinmeB_3874,SinmeB_3792,SinmeB_3801,SinmeB_1054,SinmeB_1850,SinmeB_6024
SinmeB_4306,SinmeB_1248,SinmeB_1849,SinmeB_1585,SinmeB_1611,SinmeB_3867
SinmeB_1850,SinmeB_6237,SinmeB_1213,SinmeB_0709,SinmeB_4646,SinmeB_2448
SinmeB_1611,SinmeB_1206,SinmeB_3549,SinmeB_1456,SinmeB_1052,SinmeB_1176
SinmeB_4646,SinmeB_0729,SinmeB_4328,SinmeB_3037,SinmeB_1144,SinmeB_5352
SinmeB_1776,SinmeB_1058,SinmeB_2255,SinmeB_2252,SinmeB_1776,SinmeB_5350
SinmeB_2248,SinmeB_2251,SinmeB_6024,SinmeB_1051,SinmeB_3697,SinmeB_2250
SinmeB_1235,SinmeB_2451,SinmeB_2047,SinmeB_1084,SinmeB_0934,SinmeB_2222
SinmeB_1054,SinmeB_3814,SinmeB_2448,SinmeB_2254,SinmeB_2248,SinmeB_6358
SinmeB_2256,SinmeB_2039,SinmeB_1610,SinmeB_2257,SinmeB_0669,SinmeB_1454
SinmeB_1585,SinmeB_2183,SinmeB_1053,SinmeB_3867,SinmeB_1235,SinmeB_6268
SinmeB_0709,SinmeB_5348,SinmeB_5352,SinmeB_1419,SinmeB_1054,SinmeB_1248
SinmeB_1456,SinmeB_3746,SinmeB_5353,SinmeB_1176,SinmeB_1024,SinmeB_1604
SinmeB_2252,SinmeB_5346,SinmeB_2250,SinmeB_5350,SinmeB_1585,SinmeB_0729
SinmeB_1849,SinmeB_0725,SinmeB_6196,SinmeB_2222,SinmeB_3791,SinmeB_0726
SinmeB_2047,SinmeB_0727,SinmeB_6358,SinmeB_0728,SinmeB_0709,SinmeB_2451
SinmeB_2257,SinmeB_1160,SinmeB_1454,SinmeB_5276,SinmeB_1249,SinmeB_1547
SinmeB_1419,SinmeB_1037,SinmeB_3792,SinmeB_1207,SinmeB_1456,SinmeB_0406
SinmeB_1610,SinmeB_3316,SinmeB_6268,SinmeB_5349,SinmeB_2252,SinmeB_5347
SinmeB_1053,SinmeB_2928,SinmeB_1604,SinmeB_1248,SinmeB_3801,SinmeB_4839
SinmeB_5353,SinmeB_2883,SinmeB_6237,SinmeB_1636,SinmeB_1213,SinmeB_5347
SinmeB_6196,SinmeB_1013,SinmeB_1206,SinmeB_1560,SinmeB_3549,SinmeB_3746
SinmeB_0728,SinmeB_0405,SinmeB_1058,SinmeB_0729,SinmeB_4328,SinmeB_5346
SinmeB_3792,SinmeB_1002,SinmeB_2251,SinmeB_0741,SinmeB_2255,SinmeB_3163
SinmeB_5276,SinmeB_1851,SinmeB_0726,SinmeB_1132,SinmeB_6024,SinmeB_0725
SinmeB_5349,SinmeB_0405,SinmeB_1547,SinmeB_1479,SinmeB_2257,SinmeB_1037
SinmeB_1207,SinmeB_5344,SinmeB_3814,SinmeB_2451,SinmeB_2448,SinmeB_3316
SinmeB_6237,SinmeB_3162,SinmeB_0406,SinmeB_5345,SinmeB_1419,SinmeB_2928
SinmeB_1636,SinmeB_0438,SinmeB_5347,SinmeB_5346,SinmeB_5352,SinmeB_2583
SinmeB_0741,SinmeB_5344,SinmeB_2039,SinmeB_1012,SinmeB_2250,SinmeB_2883
SinmeB_1206,SinmeB_2187,SinmeB_4839,SinmeB_3746,SinmeB_0728,SinmeB_0405
SinmeB_1560,SinmeB_0572,SinmeB_2183,SinmeB_1594,SinmeB_6358,SinmeB_1013
SinmeB_1132,SinmeB_5346,SinmeB_5347,SinmeB_3803,SinmeB_1454,SinmeB_0882
SinmeB_1058,SinmeB_1582,SinmeB_5348,SinmeB_0725,SinmeB_5276,SinmeB_0817
SinmeB_2251,SinmeB_3804,SinmeB_3163,SinmeB_3316,SinmeB_5349,SinmeB_0329
SinmeB_1479,SinmeB_2408,SinmeB_0727,SinmeB_1037,SinmeB_1207,SinmeB_2204
SinmeB_3814,SinmeB_3945,SinmeB_1160,SinmeB_2928,SinmeB_6268,SinmeB_1851
SinmeB_5345,SinmeB_0496,SinmeB_2583,SinmeB_0405,SinmeB_1604,SinmeB_1481
SinmeB_2039,SinmeB_0442,SinmeB_0882,SinmeB_2883,SinmeB_1636,SinmeB_0405
SinmeB_2183,SinmeB_5275,SinmeB_0817,SinmeB_1013,SinmeB_0741,SinmeB_3317
SinmeB_5348,SinmeB_0733,SinmeB_1002,SinmeB_1851,SinmeB_1560,SinmeB_3162
SinmeB_1012,SinmeB_4327,SinmeB_0329,SinmeB_0405,SinmeB_1132,SinmeB_1341
SinmeB_1594,SinmeB_0818,SinmeB_2204,SinmeB_3162,SinmeB_1479,SinmeB_1057
SinmeB_3803,SinmeB_1482,SinmeB_1481,SinmeB_5346,SinmeB_0726,SinmeB_2187
SinmeB_0727,SinmeB_0804,SinmeB_5344,SinmeB_2187,SinmeB_1547,SinmeB_5346
SinmeB_1160,SinmeB_1484,SinmeB_3317,SinmeB_3866,SinmeB_5347,SinmeB_1582
SinmeB_1002,SinmeB_5353,SinmeB_0438,SinmeB_3793,SinmeB_0406,SinmeB_3804
SinmeB_5344,SinmeB_1901,SinmeB_1341,SinmeB_1582,SinmeB_5345,SinmeB_4986
SinmeB_0438,SinmeB_1289,SinmeB_5344,SinmeB_3804,SinmeB_4839,SinmeB_3317
SinmeB_5344,SinmeB_1901,SinmeB_1057,SinmeB_5345,SinmeB_5347,SinmeB_0406
SinmeB_3866,SinmeB_2494,SinmeB_0572,SinmeB_3945,SinmeB_1012,SinmeB_3945
SinmeB_3793,SinmeB_0613,SinmeB_4986,SinmeB_2408,SinmeB_1594,SinmeB_2408
SinmeB_0572,SinmeB_5348,SinmeB_3317,SinmeB_2040,SinmeB_3803,SinmeB_0496
SinmeB_5345,SinmeB_0337,SinmeB_0406,SinmeB_3666,SinmeB_3163,SinmeB_0442
SinmeB_2040,SinmeB_2207,SinmeB_0648,SinmeB_5349,SinmeB_2583,SinmeB_0648
SinmeB_3666,SinmeB_3292,SinmeB_4136,SinmeB_1532,SinmeB_0817,SinmeB_4136
SinmeB_5349,SinmeB_2756,SinmeB_4847,SinmeB_0496,SinmeB_0882,SinmeB_4847
SinmeB_1532,SinmeB_4327,SinmeB_5275,SinmeB_0442,SinmeB_0329,SinmeB_4327
SinmeB_3617,SinmeB_0660,SinmeB_0733,SinmeB_3617,SinmeB_2204,SinmeB_1624
SinmeB_5275,SinmeB_5350,SinmeB_1624,SinmeB_4327,SinmeB_3317,SinmeB_1484
SinmeB_6376,SinmeB_2254,SinmeB_0818,SinmeB_6376,SinmeB_1481,SinmeB_1901
SinmeB_0733,SinmeB_1808,SinmeB_1482,SinmeB_2780,SinmeB_1341,SinmeB_1901
SinmeB_0818,SinmeB_3164,SinmeB_0804,SinmeB_3745,SinmeB_3793,SinmeB_2494
SinmeB_2780,SinmeB_1385,SinmeB_5353,SinmeB_3666,SinmeB_3866,SinmeB_3868
SinmeB_3745,SinmeB_2438,SinmeB_1289,SinmeB_1901,SinmeB_1057,SinmeB_0613
SinmeB_3666,SinmeB_0436,SinmeB_5348,SinmeB_1484,SinmeB_3317,SinmeB_1767
SinmeB_1482,SinmeB_2772,SinmeB_3868,SinmeB_1901,SinmeB_0406,SinmeB_4327
SinmeB_0804,SinmeB_2217,SinmeB_0337,SinmeB_2494,SinmeB_5345,SinmeB_1005
SinmeB_5353,SinmeB_0759,SinmeB_2207,SinmeB_0613,SinmeB_4986,SinmeB_0660
SinmeB_1289,SinmeB_6208,SinmeB_3292,SinmeB_0741,SinmeB_5349,SinmeB_5350
SinmeB_5348,SinmeB_0992,SinmeB_2756,SinmeB_4964,SinmeB_3666,SinmeB_2254
SinmeB_0337,SinmeB_1459,SinmeB_1767,SinmeB_4327,SinmeB_2040,SinmeB_2223
SinmeB_0741,SinmeB_0690,SinmeB_1005,SinmeB_5350,SinmeB_1532,SinmeB_1808
SinmeB_2207,SinmeB_3621,SinmeB_2223,SinmeB_2254,SinmeB_4847,SinmeB_2024
SinmeB_3292,SinmeB_0717,SinmeB_2024,SinmeB_0660,SinmeB_0648,SinmeB_1385
SinmeB_4964,SinmeB_2251,SinmeB_3164,SinmeB_6197,SinmeB_3617,SinmeB_1767
SinmeB_2756,SinmeB_0547,SinmeB_1767,SinmeB_6420,SinmeB_4136,SinmeB_6209
SinmeB_6197,SinmeB_2652,SinmeB_6209,SinmeB_1808,SinmeB_6376,SinmeB_0436
SinmeB_6420,SinmeB_0884,SinmeB_2438,SinmeB_1385,SinmeB_1624,SinmeB_3139
SinmeB_2257,SinmeB_1784,SinmeB_2772,SinmeB_2257,SinmeB_3745,SinmeB_5352
SinmeB_3164,SinmeB_1000,SinmeB_5352,SinmeB_2604,SinmeB_3666,SinmeB_2388
SinmeB_2604,SinmeB_2447,SinmeB_3139,SinmeB_0487,SinmeB_2780,SinmeB_6208
SinmeB_2438,SinmeB_0420,SinmeB_2217,SinmeB_0436,SinmeB_3868,SinmeB_2255
SinmeB_2772,SinmeB_2039,SinmeB_0759,SinmeB_0636,SinmeB_0741,SinmeB_0437
SinmeB_0487,SinmeB_1459,SinmeB_2388,SinmeB_3092,SinmeB_4964,SinmeB_1459
SinmeB_0636,SinmeB_0759,SinmeB_2255,SinmeB_1483,SinmeB_1767,SinmeB_0690
SinmeB_3092,SinmeB_0547,SinmeB_0992,SinmeB_6208,SinmeB_1005,SinmeB_3139
SinmeB_1483,SinmeB_0974,SinmeB_0437,SinmeB_1459,SinmeB_6197,SinmeB_3014
SinmeB_2217,SinmeB_0710,SinmeB_3139,SinmeB_0579,SinmeB_6420,SinmeB_3621
SinmeB_0759,SinmeB_0818,SinmeB_3014,SinmeB_0690,SinmeB_2024,SinmeB_2652
SinmeB_0992,SinmeB_2447,SinmeB_0717,SinmeB_0718,SinmeB_2223,SinmeB_1784
SinmeB_0579,SinmeB_4840,SinmeB_2251,SinmeB_3621,SinmeB_2257,SinmeB_0648
SinmeB_0718,SinmeB_2281,SinmeB_0547,SinmeB_2652,SinmeB_1767,SinmeB_1000
SinmeB_2251,SinmeB_2408,SinmeB_0648,SinmeB_1784,SinmeB_2604,SinmeB_6170
SinmeB_0717,SinmeB_4710,SinmeB_0884,SinmeB_1003,SinmeB_6209,SinmeB_2447
SinmeB_0547,SinmeB_2438,SinmeB_6170,SinmeB_1000,SinmeB_5352,SinmeB_0973
SinmeB_0884,SinmeB_6355,SinmeB_0973,SinmeB_2447,SinmeB_0487,SinmeB_5911
SinmeB_1003,SinmeB_6660,SinmeB_5911,SinmeB_2758,SinmeB_3139,SinmeB_2099
SinmeB_2039,SinmeB_0974,SinmeB_0420,SinmeB_0993,SinmeB_0636,SinmeB_1459
SinmeB_2758,SinmeB_3665,SinmeB_2039,SinmeB_1459,SinmeB_3092,SinmeB_1001
SinmeB_0420,SinmeB_3814,SinmeB_2099,SinmeB_3169,SinmeB_1483,SinmeB_0710
SinmeB_0993,SinmeB_4840,SinmeB_0759,SinmeB_2758,SinmeB_2255,SinmeB_0907
SinmeB_0759,SinmeB_3164,SinmeB_0547,SinmeB_0710,SinmeB_2388,SinmeB_0437
SinmeB_3169,SinmeB_0990,SinmeB_1001,SinmeB_2447,SinmeB_0437,SinmeB_3014
SinmeB_2758,SinmeB_0990,SinmeB_0974,SinmeB_2408,SinmeB_0579,SinmeB_2447
SinmeB_0547,SinmeB_0212,SinmeB_0818,SinmeB_1003,SinmeB_3139,SinmeB_2408
SinmeB_0974,SinmeB_1004,SinmeB_0437,SinmeB_0885,SinmeB_0718,SinmeB_2448
SinmeB_0818,SinmeB_0727,SinmeB_0907,SinmeB_6355,SinmeB_3014,SinmeB_6355
SinmeB_4840,SinmeB_1593,SinmeB_3014,SinmeB_0993,SinmeB_0648,SinmeB_2214
SinmeB_2281,SinmeB_4904,SinmeB_4840,SinmeB_0718,SinmeB_1003,SinmeB_2388
SinmeB_1003,SinmeB_0690,SinmeB_2281,SinmeB_0487,SinmeB_5911,SinmeB_0817
SinmeB_4710,SinmeB_3292,SinmeB_2448,SinmeB_3169,SinmeB_6170,SinmeB_0990
SinmeB_2438,SinmeB_3316,SinmeB_4710,SinmeB_0990,SinmeB_0973,SinmeB_0990
SinmeB_0885,SinmeB_1004,SinmeB_2438,SinmeB_0990,SinmeB_2758,SinmeB_1004
SinmeB_3665,SinmeB_0212,SinmeB_6660,SinmeB_6662,SinmeB_0993,SinmeB_0973
SinmeB_6660,SinmeB_0442,SinmeB_3665,SinmeB_3092,SinmeB_2099,SinmeB_2223
SinmeB_0974,SinmeB_4904,SinmeB_0974,SinmeB_4964,SinmeB_3169,SinmeB_0690
SinmeB_3814,SinmeB_3621,SinmeB_2214,SinmeB_3866,SinmeB_2758,SinmeB_2250
SinmeB_0993,SinmeB_3865,SinmeB_2388,SinmeB_1004,SinmeB_1001,SinmeB_3316
SinmeB_0718,SinmeB_6660,SinmeB_3814,SinmeB_6662,SinmeB_0437,SinmeB_1001
SinmeB_0487,SinmeB_4710,SinmeB_4840,SinmeB_0690,SinmeB_3014,SinmeB_1004
SinmeB_4840,SinmeB_0717,SinmeB_0817,SinmeB_3316,SinmeB_0907,SinmeB_0442
SinmeB_3164,SinmeB_0710,SinmeB_3164,SinmeB_0442,SinmeB_2448,SinmeB_3621
SinmeB_3169,SinmeB_6355,SinmeB_0212,SinmeB_1004,SinmeB_1003,SinmeB_1005
SinmeB_6662,SinmeB_0438,SinmeB_0727,SinmeB_3621,SinmeB_0885,SinmeB_1341
SinmeB_0212,SinmeB_2207,SinmeB_1593,SinmeB_0885,SinmeB_2214,SinmeB_0710
SinmeB_0727,SinmeB_2256,SinmeB_4904,SinmeB_0710,SinmeB_2388,SinmeB_0907
SinmeB_3092,SinmeB_0572,SinmeB_0973,SinmeB_6355,SinmeB_0993,SinmeB_3163
SinmeB_3866,SinmeB_0420,SinmeB_2223,SinmeB_0584,SinmeB_0718,SinmeB_4986
SinmeB_4964,SinmeB_2187,SinmeB_3292,SinmeB_2780,SinmeB_0817,SinmeB_6355
SinmeB_1593,SinmeB_3162,SinmeB_2250,SinmeB_2187,SinmeB_0487,SinmeB_1547
SinmeB_4904,SinmeB_0584,SinmeB_4904,SinmeB_5276,SinmeB_3169,SinmeB_2786
SinmeB_6662,SinmeB_2281,SinmeB_1001,SinmeB_3162,SinmeB_6662,SinmeB_2583
SinmeB_3292,SinmeB_0660,SinmeB_0212,SinmeB_0728,SinmeB_3866,SinmeB_0584
SinmeB_4904,SinmeB_2217,SinmeB_3865,SinmeB_0660,SinmeB_4964,SinmeB_2187
SinmeB_3865,SinmeB_3746,SinmeB_1005,SinmeB_3746,SinmeB_3092,SinmeB_2099
SinmeB_0212,SinmeB_1000,SinmeB_1341,SinmeB_0636,SinmeB_6662,SinmeB_6170
SinmeB_6660,SinmeB_2449,SinmeB_6660,SinmeB_1000,SinmeB_0973,SinmeB_3162
SinmeB_0717,SinmeB_5275,SinmeB_4710,SinmeB_2252,SinmeB_2223,SinmeB_3697
SinmeB_4710,SinmeB_6196,SinmeB_0717,SinmeB_2808,SinmeB_2250,SinmeB_0660
SinmeB_0885,SinmeB_0613,SinmeB_3163,SinmeB_2604,SinmeB_1001,SinmeB_4136
SinmeB_0438,SinmeB_2652,SinmeB_0907,SinmeB_2248,SinmeB_1005,SinmeB_3746
SinmeB_2256,SinmeB_0884,SinmeB_4986,SinmeB_6197,SinmeB_1341,SinmeB_1000
SinmeB_2207,SinmeB_0733,SinmeB_0438,SinmeB_0613,SinmeB_0885,SinmeB_0726
SinmeB_0572,SinmeB_6208,SinmeB_1547,SinmeB_2652,SinmeB_3163,SinmeB_0882
SinmeB_2780,SinmeB_0436,SinmeB_2786,SinmeB_0579,SinmeB_4986,SinmeB_0613
SinmeB_5276,SinmeB_1484,SinmeB_2207,SinmeB_1483,SinmeB_1547,SinmeB_2652
SinmeB_0420,SinmeB_1037,SinmeB_2256,SinmeB_6208,SinmeB_0907,SinmeB_6209
SinmeB_0728,SinmeB_3665,SinmeB_0572,SinmeB_0154,SinmeB_2786,SinmeB_0329
SinmeB_2281,SinmeB_0337,SinmeB_2583,SinmeB_0436,SinmeB_2583,SinmeB_3920
SinmeB_2217,SinmeB_3713,SinmeB_0420,SinmeB_1235,SinmeB_5276,SinmeB_6208
SinmeB_0636,SinmeB_0992,SinmeB_2099,SinmeB_5289,SinmeB_3697,SinmeB_2374
SinmeB_2252,SinmeB_6607,SinmeB_6170,SinmeB_4948,SinmeB_2780,SinmeB_1624
SinmeB_2449,SinmeB_2596,SinmeB_3697,SinmeB_1484,SinmeB_0728,SinmeB_0436
SinmeB_2808,SinmeB_3204,SinmeB_2281,SinmeB_1037,SinmeB_2099,SinmeB_5287
SinmeB_2248,SinmeB_5962,SinmeB_4136,SinmeB_1740,SinmeB_6170,SinmeB_0211
SinmeB_6196,SinmeB_3804,SinmeB_2217,SinmeB_5761,SinmeB_4136,SinmeB_6604
SinmeB_2604,SinmeB_2088,SinmeB_0726,SinmeB_4303,SinmeB_0726,SinmeB_4390
SinmeB_5275,SinmeB_1101,SinmeB_2449,SinmeB_5583,SinmeB_0636,SinmeB_6292
SinmeB_6197,SinmeB_5745,SinmeB_6196,SinmeB_4502,SinmeB_2252,SinmeB_5429
SinmeB_0579,SinmeB_5728,SinmeB_5275,SinmeB_5170,SinmeB_2808,SinmeB_1484
SinmeB_0884,SinmeB_3647,SinmeB_0882,SinmeB_3497,SinmeB_2248,SinmeB_1037
SinmeB_0733,SinmeB_0099,SinmeB_6209,SinmeB_3220,SinmeB_2604,SinmeB_4519
SinmeB_1483,SinmeB_0725,SinmeB_0884,SinmeB_0602,SinmeB_0882,SinmeB_0162
SinmeB_0154,SinmeB_2704,SinmeB_0733,SinmeB_3617,SinmeB_6197,SinmeB_1144
SinmeB_1235,SinmeB_2494,SinmeB_0329,SinmeB_3804,SinmeB_0579,SinmeB_5337
SinmeB_3665,SinmeB_2883,SinmeB_1624,SinmeB_2169,SinmeB_6209,SinmeB_2837
SinmeB_3713,SinmeB_3555,SinmeB_3665,SinmeB_4109,SinmeB_0329,SinmeB_3728
SinmeB_0337,SinmeB_2148,SinmeB_3713,SinmeB_6498,SinmeB_1483,SinmeB_3804
SinmeB_2088,SinmeB_3250,SinmeB_0337,SinmeB_1012,SinmeB_0154,SinmeB_3058
SinmeB_0992,SinmeB_2947,SinmeB_0992,SinmeB_2674,SinmeB_1235,SinmeB_5502
SinmeB_3617,SinmeB_6348,SinmeB_2088,SinmeB_2040,SinmeB_1624,SinmeB_3423
SinmeB_2169,SinmeB_2756,SinmeB_1144,SinmeB_6420,SinmeB_1144,SinmeB_2272
SinmeB_1012,SinmeB_1053,SinmeB_3423,SinmeB_4674,SinmeB_2169,SinmeB_5294
SinmeB_2040,SinmeB_3224,SinmeB_3920,SinmeB_0725,SinmeB_3617,SinmeB_0725
SinmeB_6420,SinmeB_2449,SinmeB_2947,SinmeB_2494,SinmeB_3423,SinmeB_5355
SinmeB_2947,SinmeB_5355,SinmeB_2374,SinmeB_2883,SinmeB_1012,SinmeB_2494
SinmeB_2449,SinmeB_5987,SinmeB_6607,SinmeB_5354,SinmeB_2040,SinmeB_2883
SinmeB_0709,SinmeB_0481,SinmeB_5287,SinmeB_5536,SinmeB_6420,SinmeB_5551
SinmeB_1053,SinmeB_4302,SinmeB_0211,SinmeB_0709,SinmeB_5289,SinmeB_4700
SinmeB_5289,SinmeB_1849,SinmeB_1053,SinmeB_4665,SinmeB_4948,SinmeB_0206
SinmeB_4948,SinmeB_1482,SinmeB_2449,SinmeB_6271,SinmeB_1740,SinmeB_4218
SinmeB_2756,SinmeB_6271,SinmeB_2596,SinmeB_5987,SinmeB_5761,SinmeB_6271
SinmeB_1849,SinmeB_2663,SinmeB_2756,SinmeB_5548,SinmeB_4303,SinmeB_2965
SinmeB_1636,SinmeB_0206,SinmeB_3204,SinmeB_1636,SinmeB_5583,SinmeB_5791
SinmeB_1740,SinmeB_0729,SinmeB_6604,SinmeB_6329,SinmeB_4502,SinmeB_3082
SinmeB_5761,SinmeB_4833,SinmeB_4390,SinmeB_5206,SinmeB_0709,SinmeB_5987
SinmeB_1482,SinmeB_4391,SinmeB_5962,SinmeB_0311,SinmeB_5170,SinmeB_4368
SinmeB_6376,SinmeB_3087,SinmeB_6292,SinmeB_0238,SinmeB_3497,SinmeB_1996
SinmeB_4303,SinmeB_5791,SinmeB_5429,SinmeB_0016,SinmeB_3220,SinmeB_3961
SinmeB_5583,SinmeB_0496,SinmeB_1849,SinmeB_6376,SinmeB_1636,SinmeB_0729
SinmeB_4502,SinmeB_2928,SinmeB_4519,SinmeB_4242,SinmeB_0602,SinmeB_1057
SinmeB_5170,SinmeB_5412,SinmeB_1101,SinmeB_1995,SinmeB_4109,SinmeB_5958
SinmeB_1532,SinmeB_4463,SinmeB_1482,SinmeB_0729,SinmeB_6498,SinmeB_5128
SinmeB_3497,SinmeB_1851,SinmeB_5745,SinmeB_0644,SinmeB_2674,SinmeB_1481
SinmeB_3220,SinmeB_3196,SinmeB_5728,SinmeB_1532,SinmeB_3920,SinmeB_3289
SinmeB_0602,SinmeB_4368,SinmeB_3647,SinmeB_2928,SinmeB_6376,SinmeB_2178
SinmeB_4109,SinmeB_1582,SinmeB_0099,SinmeB_0496,SinmeB_2374,SinmeB_4152
SinmeB_6498,SinmeB_0804,SinmeB_1057,SinmeB_5355,SinmeB_2178,SinmeB_0496
SinmeB_2674,SinmeB_1996,SinmeB_0162,SinmeB_1851,SinmeB_4674,SinmeB_1622
SinmeB_0804,SinmeB_4150,SinmeB_2704,SinmeB_1582,SinmeB_1532,SinmeB_4749
SinmeB_4674,SinmeB_1153,SinmeB_2178,SinmeB_0452,SinmeB_5287,SinmeB_2928
SinmeB_6607,SinmeB_5128,SinmeB_5337,SinmeB_1153,SinmeB_0211,SinmeB_4583
SinmeB_2596,SinmeB_1727,SinmeB_1481,SinmeB_0206,SinmeB_1057,SinmeB_1851
SinmeB_3204,SinmeB_4152,SinmeB_2837,SinmeB_2249,SinmeB_1481,SinmeB_3457
SinmeB_5962,SinmeB_1622,SinmeB_3728,SinmeB_1176,SinmeB_6604,SinmeB_6144
SinmeB_1207,SinmeB_4749,SinmeB_3058,SinmeB_4377,SinmeB_4390,SinmeB_1582
SinmeB_5354,SinmeB_4583,SinmeB_5502,SinmeB_5791,SinmeB_3549,SinmeB_2204
SinmeB_5536,SinmeB_1176,SinmeB_0804,SinmeB_0103,SinmeB_6292,SinmeB_3549
SinmeB_1101,SinmeB_5991,SinmeB_3549,SinmeB_1207,SinmeB_5429,SinmeB_6180
SinmeB_3803,SinmeB_5205,SinmeB_2204,SinmeB_4160,SinmeB_3423,SinmeB_4285
SinmeB_5745,SinmeB_6144,SinmeB_3555,SinmeB_1013,SinmeB_0461,SinmeB_0461
SinmeB_5728,SinmeB_2249,SinmeB_2148,SinmeB_4551,SinmeB_4519,SinmeB_1153
SinmeB_1206,SinmeB_1013,SinmeB_3250,SinmeB_3803,SinmeB_5354,SinmeB_3423
SinmeB_3647,SinmeB_6180,SinmeB_2272,SinmeB_4368,SinmeB_5536,SinmeB_5314
SinmeB_4665,SinmeB_2724,SinmeB_0461,SinmeB_2451,SinmeB_2204,SinmeB_4585
SinmeB_1610,SinmeB_2451,SinmeB_6348,SinmeB_1996,SinmeB_4665,SinmeB_5286
SinmeB_1594,SinmeB_4285,SinmeB_3423,SinmeB_2968,SinmeB_5548,SinmeB_5322
SinmeB_5548,SinmeB_1206,SinmeB_5294,SinmeB_5733,SinmeB_0162,SinmeB_5815
SinmeB_0099,SinmeB_5314,SinmeB_3224,SinmeB_2023,SinmeB_5337,SinmeB_2898
SinmeB_2704,SinmeB_5286,SinmeB_0481,SinmeB_0584,SinmeB_2837,SinmeB_4491
SinmeB_6329,SinmeB_5279,SinmeB_4839,SinmeB_1594,SinmeB_1207,SinmeB_1176
SinmeB_5206,SinmeB_3962,SinmeB_4302,SinmeB_5128,SinmeB_6329,SinmeB_1061
SinmeB_1456,SinmeB_5815,SinmeB_5551,SinmeB_4152,SinmeB_3728,SinmeB_2249
SinmeB_0311,SinmeB_6669,SinmeB_2663,SinmeB_1622,SinmeB_5206,SinmeB_0395
SinmeB_0238,SinmeB_4477,SinmeB_4700,SinmeB_4749,SinmeB_4839,SinmeB_4500
SinmeB_0016,SinmeB_2967,SinmeB_4218,SinmeB_3401,SinmeB_0311,SinmeB_3191
SinmeB_4242,SinmeB_1610,SinmeB_1206,SinmeB_1456,SinmeB_0238,SinmeB_3592
SinmeB_1995,SinmeB_0584,SinmeB_4833,SinmeB_4583,SinmeB_0016,SinmeB_4839
SinmeB_3145,SinmeB_1061,SinmeB_4391,SinmeB_5127,SinmeB_3058,SinmeB_1013
SinmeB_2089,SinmeB_0395,SinmeB_3087,SinmeB_0382,SinmeB_4242,SinmeB_5251
SinmeB_3555,SinmeB_2023,SinmeB_1610,SinmeB_6144,SinmeB_1995,SinmeB_4544
SinmeB_2148,SinmeB_3592,SinmeB_2965,SinmeB_5835,SinmeB_5502,SinmeB_5142
SinmeB_0644,SinmeB_5626,SinmeB_3082,SinmeB_2089,SinmeB_3803,SinmeB_2864
SinmeB_3250,SinmeB_5251,SinmeB_5412,SinmeB_4874,SinmeB_0644,SinmeB_2451
SinmeB_6348,SinmeB_5505,SinmeB_4463,SinmeB_6180,SinmeB_2272,SinmeB_3004
SinmeB_1058,SinmeB_2864,SinmeB_3196,SinmeB_1084,SinmeB_1594,SinmeB_4426
SinmeB_3224,SinmeB_3004,SinmeB_1249,SinmeB_4534,SinmeB_5294,SinmeB_6653
SinmeB_0481,SinmeB_3488,SinmeB_3961,SinmeB_4285,SinmeB_1456,SinmeB_2023
SinmeB_4302,SinmeB_4426,SinmeB_3145,SinmeB_4566,SinmeB_1249,SinmeB_0302
SinmeB_0452,SinmeB_6653,SinmeB_4150,SinmeB_5314,SinmeB_2089,SinmeB_3184
SinmeB_2663,SinmeB_3184,SinmeB_5958,SinmeB_5286,SinmeB_0452,SinmeB_4068
SinmeB_4833,SinmeB_3145,SinmeB_3289,SinmeB_5815,SinmeB_5551,SinmeB_0584
SinmeB_4391,SinmeB_1084,SinmeB_6268,SinmeB_1061,SinmeB_4700,SinmeB_1741
SinmeB_3087,SinmeB_4874,SinmeB_1727,SinmeB_0395,SinmeB_4218,SinmeB_1249
SinmeB_4377,SinmeB_4947,SinmeB_1058,SinmeB_3928,SinmeB_6268,SinmeB_4067
SinmeB_0103,SinmeB_1741,SinmeB_5991,SinmeB_3592,SinmeB_4377,SinmeB_2433
SinmeB_4160,SinmeB_1058,SinmeB_5205,SinmeB_5251,SinmeB_2046,SinmeB_4874
SinmeB_5412,SinmeB_2999,SinmeB_3457,SinmeB_2864,SinmeB_2965,SinmeB_1084
SinmeB_4463,SinmeB_4375,SinmeB_2046,SinmeB_0078,SinmeB_0103,SinmeB_6268
SinmeB_3196,SinmeB_4067,SinmeB_1454,SinmeB_3004,SinmeB_3082,SinmeB_3738
SinmeB_1160,SinmeB_1857,SinmeB_2724,SinmeB_3230,SinmeB_4160,SinmeB_0646
SinmeB_2183,SinmeB_5121,SinmeB_1604,SinmeB_4426,SinmeB_1454,SinmeB_3052
SinmeB_4551,SinmeB_3585,SinmeB_4585,SinmeB_6653,SinmeB_4551,SinmeB_2046
SinmeB_2968,SinmeB_4070,SinmeB_5279,SinmeB_2222,SinmeB_2968,SinmeB_6330
SinmeB_5733,SinmeB_3230,SinmeB_3962,SinmeB_3184,SinmeB_5733,SinmeB_1454
SinmeB_1132,SinmeB_2222,SinmeB_5322,SinmeB_5473,SinmeB_3961,SinmeB_3929
SinmeB_1002,SinmeB_4270,SinmeB_2898,SinmeB_1143,SinmeB_1604,SinmeB_5521
SinmeB_4150,SinmeB_4957,SinmeB_6669,SinmeB_3298,SinmeB_5911,SinmeB_3367
SinmeB_2047,SinmeB_5879,SinmeB_4477,SinmeB_1741,SinmeB_5958,SinmeB_4370
SinmeB_1727,SinmeB_0707,SinmeB_2967,SinmeB_4191,SinmeB_3289,SinmeB_4291
SinmeB_4646,SinmeB_3738,SinmeB_4491,SinmeB_3252,SinmeB_3401,SinmeB_1604
SinmeB_5991,SinmeB_1143,SinmeB_4500,SinmeB_5814,SinmeB_5127,SinmeB_3230
SinmeB_3401,SinmeB_0646,SinmeB_3191,SinmeB_0979,SinmeB_0382,SinmeB_4614
SinmeB_5127,SinmeB_3052,SinmeB_5626,SinmeB_4067,SinmeB_3457,SinmeB_2222
SinmeB_5205,SinmeB_1160,SinmeB_5911,SinmeB_3277,SinmeB_5835,SinmeB_5576
SinmeB_0382,SinmeB_6330,SinmeB_5505,SinmeB_1132,SinmeB_1024,SinmeB_6345
SinmeB_5835,SinmeB_2183,SinmeB_1160,SinmeB_3867,SinmeB_1132,SinmeB_1143
SinmeB_2724,SinmeB_3929,SinmeB_4544,SinmeB_2785,SinmeB_2728,SinmeB_2997
SinmeB_4534,SinmeB_5521,SinmeB_2183,SinmeB_4737,SinmeB_4328,SinmeB_5911
SinmeB_4566,SinmeB_3367,SinmeB_5142,SinmeB_0786,SinmeB_4534,SinmeB_0980
SinmeB_5279,SinmeB_1002,SinmeB_3488,SinmeB_4646,SinmeB_4566,SinmeB_6673
SinmeB_3962,SinmeB_3867,SinmeB_0302,SinmeB_3738,SinmeB_4585,SinmeB_3867
SinmeB_6669,SinmeB_4573,SinmeB_4068,SinmeB_0646,SinmeB_5322,SinmeB_4384
SinmeB_4477,SinmeB_4614,SinmeB_1024,SinmeB_3052,SinmeB_4646,SinmeB_1024
SinmeB_2967,SinmeB_5576,SinmeB_1002,SinmeB_6330,SinmeB_2898,SinmeB_3214
SinmeB_3928,SinmeB_2047,SinmeB_4328,SinmeB_3929,SinmeB_2280,SinmeB_4328
SinmeB_5626,SinmeB_2785,SinmeB_4947,SinmeB_5521,SinmeB_4491,SinmeB_0516
SinmeB_5505,SinmeB_0786,SinmeB_2728,SinmeB_3367,SinmeB_3928,SinmeB_2785
SinmeB_6269,SinmeB_5805,SinmeB_2047,SinmeB_4614,SinmeB_4500,SinmeB_2728
SinmeB_0078,SinmeB_0980,SinmeB_2999,SinmeB_5576,SinmeB_1213,SinmeB_0786
SinmeB_3488,SinmeB_5819,SinmeB_4375,SinmeB_6637,SinmeB_3191,SinmeB_5764
SinmeB_1560,SinmeB_3927,SinmeB_1213,SinmeB_1784,SinmeB_4544,SinmeB_2280
SinmeB_5473,SinmeB_4549,SinmeB_2280,SinmeB_0980,SinmeB_5142,SinmeB_1213
SinmeB_3298,SinmeB_4384,SinmeB_1857,SinmeB_1560,SinmeB_0078,SinmeB_6667
SinmeB_4947,SinmeB_2380,SinmeB_2433,SinmeB_2725,SinmeB_0380,SinmeB_4530
SinmeB_2999,SinmeB_5658,SinmeB_5121,SinmeB_4384,SinmeB_0302,SinmeB_3930
SinmeB_4191,SinmeB_5764,SinmeB_3585,SinmeB_1766,SinmeB_4068,SinmeB_0380
SinmeB_3252,SinmeB_5563,SinmeB_4070,SinmeB_5302,SinmeB_5473,SinmeB_0324
SinmeB_1479,SinmeB_1784,SinmeB_0380,SinmeB_4726,SinmeB_3298,SinmeB_1784
SinmeB_5814,SinmeB_6269,SinmeB_4270,SinmeB_1479,SinmeB_4191,SinmeB_4509
SinmeB_4375,SinmeB_0324,SinmeB_4957,SinmeB_2854,SinmeB_3252,SinmeB_2024
SinmeB_0979,SinmeB_1766,SinmeB_5879,SinmeB_4589,SinmeB_2024,SinmeB_1263
SinmeB_3277,SinmeB_4509,SinmeB_0707,SinmeB_5764,SinmeB_1263,SinmeB_0669
SinmeB_6237,SinmeB_0005,SinmeB_1263,SinmeB_4325,SinmeB_5814,SinmeB_0220
SinmeB_1857,SinmeB_6237,SinmeB_4370,SinmeB_0324,SinmeB_0979,SinmeB_1766
SinmeB_5121,SinmeB_5533,SinmeB_6269,SinmeB_6270,SinmeB_3277,SinmeB_3801
SinmeB_3585,SinmeB_0220,SinmeB_4291,SinmeB_2169,SinmeB_1560,SinmeB_2847
SinmeB_4070,SinmeB_0151,SinmeB_2024,SinmeB_1248,SinmeB_0669,SinmeB_5406
SinmeB_4737,SinmeB_2847,SinmeB_4573,SinmeB_4509,SinmeB_2433,SinmeB_4210
SinmeB_6301,SinmeB_6301,SinmeB_0669,SinmeB_5659,SinmeB_4737,SinmeB_4257
SinmeB_4270,SinmeB_5406,SinmeB_6345,SinmeB_2023,SinmeB_3801,SinmeB_0131
SinmeB_4957,SinmeB_4210,SinmeB_3801,SinmeB_4846,SinmeB_1479,SinmeB_4717
SinmeB_5879,SinmeB_1248,SinmeB_2997,SinmeB_0220,SinmeB_4370,SinmeB_3299
SinmeB_0707,SinmeB_4257,SinmeB_5805,SinmeB_4343,SinmeB_4291,SinmeB_6358
SinmeB_2169,SinmeB_0131,SinmeB_5819,SinmeB_4151,SinmeB_6270,SinmeB_1248
SinmeB_3865,SinmeB_3865,SinmeB_3927,SinmeB_2847,SinmeB_2169,SinmeB_3918
SinmeB_6270,SinmeB_2947,SinmeB_6673,SinmeB_3037,SinmeB_6637,SinmeB_5816
SinmeB_2947,SinmeB_4717,SinmeB_4549,SinmeB_5406,SinmeB_6345,SinmeB_2023
SinmeB_4573,SinmeB_3299,SinmeB_6237,SinmeB_4210,SinmeB_6358,SinmeB_3659
SinmeB_6637,SinmeB_2023,SinmeB_2380,SinmeB_4257,SinmeB_2997,SinmeB_0232
SinmeB_5805,SinmeB_2820,SinmeB_3214,SinmeB_0131,SinmeB_6673,SinmeB_4846
SinmeB_5819,SinmeB_4846,SinmeB_5658,SinmeB_3046,SinmeB_2725,SinmeB_4654
SinmeB_3927,SinmeB_2268,SinmeB_0516,SinmeB_1765,SinmeB_3214,SinmeB_3037
SinmeB_4549,SinmeB_3037,SinmeB_6301,SinmeB_1054,SinmeB_0516,SinmeB_0934
SinmeB_1765,SinmeB_3918,SinmeB_6358,SinmeB_4717,SinmeB_5302,SinmeB_2856
SinmeB_2380,SinmeB_1051,SinmeB_3865,SinmeB_5419,SinmeB_4726,SinmeB_5190
SinmeB_2725,SinmeB_1455,SinmeB_5563,SinmeB_3299,SinmeB_2854,SinmeB_5332
SinmeB_1054,SinmeB_6475,SinmeB_6667,SinmeB_1051,SinmeB_4589,SinmeB_2720
SinmeB_5658,SinmeB_5190,SinmeB_2947,SinmeB_6670,SinmeB_0934,SinmeB_2817
SinmeB_5302,SinmeB_5332,SinmeB_4530,SinmeB_1611,SinmeB_1765,SinmeB_1051
SinmeB_4726,SinmeB_2720,SinmeB_3930,SinmeB_3918,SinmeB_6667,SinmeB_6672
SinmeB_2854,SinmeB_2817,SinmeB_0005,SinmeB_4293,SinmeB_4325,SinmeB_0085
SinmeB_4589,SinmeB_6672,SinmeB_0934,SinmeB_4331,SinmeB_1054,SinmeB_4801
SinmeB_1455,SinmeB_2011,SinmeB_5533,SinmeB_3762,SinmeB_4530,SinmeB_6621
SinmeB_1611,SinmeB_4735,SinmeB_0151,SinmeB_5880,SinmeB_3930,SinmeB_4445
SinmeB_5563,SinmeB_5288,SinmeB_1455,SinmeB_1419,SinmeB_1611,SinmeB_4388
SinmeB_4325,SinmeB_2274,SinmeB_2820,SinmeB_5190,SinmeB_5659,SinmeB_2161
SinmeB_1419,SinmeB_2163,SinmeB_2268,SinmeB_5332,SinmeB_1419,SinmeB_5387
SinmeB_5659,SinmeB_0862,SinmeB_2274,SinmeB_2720,SinmeB_4343,SinmeB_4558
SinmeB_0005,SinmeB_2853,SinmeB_5816,SinmeB_2275,SinmeB_4151,SinmeB_2178
SinmeB_2274,SinmeB_6621,SinmeB_3659,SinmeB_2817,SinmeB_3046,SinmeB_3130
SinmeB_5533,SinmeB_4445,SinmeB_0232,SinmeB_6672,SinmeB_2275,SinmeB_5736
SinmeB_0151,SinmeB_4388,SinmeB_2178,SinmeB_1776,SinmeB_5419,SinmeB_3655
SinmeB_4343,SinmeB_5387,SinmeB_4654,SinmeB_1585,SinmeB_2178,SinmeB_5689
SinmeB_4151,SinmeB_3130,SinmeB_6475,SinmeB_6621,SinmeB_1776,SinmeB_2991
SinmeB_2275,SinmeB_3400,SinmeB_2856,SinmeB_4445,SinmeB_6670,SinmeB_3521
SinmeB_1776,SinmeB_2991,SinmeB_2011,SinmeB_4388,SinmeB_4293,SinmeB_5525
SinmeB_3046,SinmeB_3655,SinmeB_0085,SinmeB_2991,SinmeB_4331,SinmeB_3243
SinmeB_5419,SinmeB_5582,SinmeB_4735,SinmeB_5387,SinmeB_5816,SinmeB_4427
SinmeB_1585,SinmeB_6597,SinmeB_5288,SinmeB_0112,SinmeB_3659,SinmeB_2961
SinmeB_6670,SinmeB_5689,SinmeB_4801,SinmeB_3130,SinmeB_3762,SinmeB_4647
SinmeB_2820,SinmeB_0381,SinmeB_2163,SinmeB_4647,SinmeB_5880,SinmeB_2819
SinmeB_2268,SinmeB_4647,SinmeB_0862,SinmeB_1850,SinmeB_1585,SinmeB_1052
SinmeB_4293,SinmeB_3521,SinmeB_2853,SinmeB_4836,SinmeB_0232,SinmeB_1557
SinmeB_4331,SinmeB_4836,SinmeB_2161,SinmeB_4272,SinmeB_4654,SinmeB_5580
SinmeB_3762,SinmeB_4371,SinmeB_1052,SinmeB_1385,SinmeB_2856,SinmeB_4836
SinmeB_5880,SinmeB_2090,SinmeB_1557,SinmeB_2090,SinmeB_0085,SinmeB_1385
SinmeB_1850,SinmeB_3045,SinmeB_4558,SinmeB_3655,SinmeB_1850,SinmeB_2090
SinmeB_6475,SinmeB_2961,SinmeB_3400,SinmeB_5689,SinmeB_1052,SinmeB_0701
SinmeB_2011,SinmeB_1385,SinmeB_0701,SinmeB_4813,SinmeB_1557,SinmeB_5537
SinmeB_4735,SinmeB_0309,SinmeB_2786,SinmeB_4619,SinmeB_4801,SinmeB_4295
SinmeB_5288,SinmeB_4813,SinmeB_5736,SinmeB_3521,SinmeB_2161,SinmeB_4813
SinmeB_2163,SinmeB_4802,SinmeB_5582,SinmeB_4603,SinmeB_0701,SinmeB_2259
SinmeB_0862,SinmeB_5158,SinmeB_0461,SinmeB_3150,SinmeB_2786,SinmeB_2786
SinmeB_2853,SinmeB_5537,SinmeB_6597,SinmeB_2279,SinmeB_0112,SinmeB_4727
SinmeB_2088,SinmeB_2279,SinmeB_0381,SinmeB_2961,SinmeB_4558,SinmeB_5443
SinmeB_0112,SinmeB_5443,SinmeB_2088,SinmeB_4351,SinmeB_0461,SinmeB_6595
SinmeB_3400,SinmeB_4295,SinmeB_5525,SinmeB_3225,SinmeB_4272,SinmeB_3947
SinmeB_1765,SinmeB_2088,SinmeB_4371,SinmeB_3876,SinmeB_5736,SinmeB_2279
SinmeB_1575,SinmeB_4492,SinmeB_3243,SinmeB_1556,SinmeB_1765,SinmeB_0461
SinmeB_4637,SinmeB_4727,SinmeB_4427,SinmeB_5537,SinmeB_4637,SinmeB_3739
SinmeB_4272,SinmeB_4588,SinmeB_3045,SinmeB_1765,SinmeB_1263,SinmeB_3249
SinmeB_3713,SinmeB_1556,SinmeB_0309,SinmeB_5443,SinmeB_4619,SinmeB_4891
SinmeB_3874,SinmeB_3876,SinmeB_2819,SinmeB_4637,SinmeB_4603,SinmeB_5216
SinmeB_5582,SinmeB_1575,SinmeB_1575,SinmeB_4420,SinmeB_5525,SinmeB_3876
SinmeB_4637,SinmeB_4813,SinmeB_5580,SinmeB_5441,SinmeB_3150,SinmeB_1556
SinmeB_6597,SinmeB_4891,SinmeB_1263,SinmeB_4295,SinmeB_3243,SinmeB_5586
SinmeB_0381,SinmeB_5216,SinmeB_4802,SinmeB_4813,SinmeB_4427,SinmeB_5420
SinmeB_0439,SinmeB_6336,SinmeB_5158,SinmeB_2407,SinmeB_4637,SinmeB_4461
SinmeB_4619,SinmeB_3713,SinmeB_3713,SinmeB_4727,SinmeB_4351,SinmeB_6008
SinmeB_4603,SinmeB_3874,SinmeB_3874,SinmeB_4637,SinmeB_2819,SinmeB_1263
SinmeB_4371,SinmeB_5586,SinmeB_3947,SinmeB_2785,SinmeB_0439,SinmeB_4813
SinmeB_3150,SinmeB_5420,SinmeB_2259,SinmeB_6602,SinmeB_5580,SinmeB_3254
SinmeB_3045,SinmeB_6008,SinmeB_4492,SinmeB_0439,SinmeB_3225,SinmeB_3043
SinmeB_0309,SinmeB_2785,SinmeB_6595,SinmeB_4891,SinmeB_3947,SinmeB_4621
SinmeB_4351,SinmeB_4621,SinmeB_4588,SinmeB_5216,SinmeB_4420,SinmeB_3201
SinmeB_1289,SinmeB_3254,SinmeB_3739,SinmeB_4836,SinmeB_5441,SinmeB_5448
SinmeB_4802,SinmeB_3201,SinmeB_3249,SinmeB_5586,SinmeB_2407,SinmeB_2785
SinmeB_3225,SinmeB_4836,SinmeB_1289,SinmeB_5420,SinmeB_2259,SinmeB_4667
SinmeB_5158,SinmeB_4167,SinmeB_6336,SinmeB_6008,SinmeB_6602,SinmeB_4167
SinmeB_6602,SinmeB_1289,SinmeB_4461,SinmeB_4621,SinmeB_6595,SinmeB_4836
SinmeB_2407,SinmeB_1590,SinmeB_3043,SinmeB_1590,SinmeB_3739,SinmeB_4416
SinmeB_4420,SinmeB_2991,SinmeB_4306,SinmeB_3254,SinmeB_3249,SinmeB_1590
SinmeB_5441,SinmeB_4416,SinmeB_5448,SinmeB_2991,SinmeB_4461,SinmeB_5357
SinmeB_4492,SinmeB_4306,SinmeB_6301,SinmeB_3201,SinmeB_3949,SinmeB_2991
SinmeB_4588,SinmeB_0155,SinmeB_4667,SinmeB_5456,SinmeB_3043,SinmeB_6600
SinmeB_4306,SinmeB_4440,SinmeB_0701,SinmeB_3949,SinmeB_5456,SinmeB_0155
SinmeB_6301,SinmeB_6301,SinmeB_5357,SinmeB_4483,SinmeB_0701,SinmeB_4440
SinmeB_6336,SinmeB_3355,SinmeB_0861,SinmeB_4167,SinmeB_5448,SinmeB_5191
SinmeB_3949,SinmeB_2262,SinmeB_3355,SinmeB_4416,SinmeB_4667,SinmeB_0861
SinmeB_0439,SinmeB_3409,SinmeB_6600,SinmeB_3205,SinmeB_4483,SinmeB_4258
SinmeB_5456,SinmeB_5550,SinmeB_2274,SinmeB_0155,SinmeB_0439,SinmeB_2262
SinmeB_2274,SinmeB_5081,SinmeB_5191,SinmeB_4440,SinmeB_0861,SinmeB_3409
SinmeB_4483,SinmeB_2090,SinmeB_3145,SinmeB_0439,SinmeB_5357,SinmeB_1430
SinmeB_3145,SinmeB_5640,SinmeB_4258,SinmeB_2090,SinmeB_3205,SinmeB_0701
SinmeB_3355,SinmeB_2274,SinmeB_1430,SinmeB_2262,SinmeB_6600,SinmeB_5081
SinmeB_0154,SinmeB_4562,SinmeB_1263,SinmeB_2834,SinmeB_1263,SinmeB_1718
SinmeB_3205,SinmeB_3145,SinmeB_5388,SinmeB_3409,SinmeB_0154,SinmeB_5550
SinmeB_5564,SinmeB_4668,SinmeB_4668,SinmeB_5550,SinmeB_5191,SinmeB_5640
SinmeB_2834,SinmeB_6601,SinmeB_4640,SinmeB_0154,SinmeB_4258,SinmeB_5388
SinmeB_0439,SinmeB_5423,SinmeB_4562,SinmeB_5081,SinmeB_5564,SinmeB_4640
SinmeB_4668,SinmeB_6599,SinmeB_1718,SinmeB_5640,SinmeB_2834,SinmeB_2090
SinmeB_3793,SinmeB_5547,SinmeB_6601,SinmeB_5564,SinmeB_1430,SinmeB_6599
SinmeB_4387,SinmeB_4432,SinmeB_4349,SinmeB_4387,SinmeB_5388,SinmeB_5538
SinmeB_5423,SinmeB_0108,SinmeB_5423,SinmeB_2279,SinmeB_4640,SinmeB_4349
SinmeB_4637,SinmeB_2279,SinmeB_1100,SinmeB_5284,SinmeB_0439,SinmeB_1263
SinmeB_5284,SinmeB_1808,SinmeB_5547,SinmeB_6599,SinmeB_3868,SinmeB_2501
SinmeB_4562,SinmeB_4356,SinmeB_3868,SinmeB_1808,SinmeB_1718,SinmeB_4875
SinmeB_6601,SinmeB_4520,SinmeB_5538,SinmeB_0439,SinmeB_3793,SinmeB_1100
SinmeB_5547,SinmeB_3219,SinmeB_4432,SinmeB_6598,SinmeB_4349,SinmeB_2279
SinmeB_5784,SinmeB_5323,SinmeB_2501,SinmeB_5784,SinmeB_4387,SinmeB_5801
SinmeB_4356,SinmeB_2090,SinmeB_5801,SinmeB_2090,SinmeB_5284,SinmeB_1808
SinmeB_4432,SinmeB_3948,SinmeB_4356,SinmeB_3793,SinmeB_1100,SinmeB_4332
SinmeB_3219,SinmeB_3028,SinmeB_4875,SinmeB_2785,SinmeB_4637,SinmeB_3868
SinmeB_4521,SinmeB_2785,SinmeB_3219,SinmeB_4637,SinmeB_5784,SinmeB_2090
SinmeB_4520,SinmeB_4332,SinmeB_0108,SinmeB_4521,SinmeB_5538,SinmeB_2785
SinmeB_6598,SinmeB_4532,SinmeB_4520,SinmeB_0539,SinmeB_6598,SinmeB_5898
SinmeB_2275,SinmeB_5898,SinmeB_5323,SinmeB_4846,SinmeB_5801,SinmeB_5300
SinmeB_5323,SinmeB_5455,SinmeB_0701,SinmeB_6705,SinmeB_0701,SinmeB_6344
SinmeB_2808,SinmeB_4469,SinmeB_3028,SinmeB_4834,SinmeB_2501,SinmeB_2855
SinmeB_3028,SinmeB_3127,SinmeB_3948,SinmeB_4332,SinmeB_4875,SinmeB_5408
SinmeB_4834,SinmeB_2855,SinmeB_4532,SinmeB_5898,SinmeB_4521,SinmeB_4846
SinmeB_0108,SinmeB_4846,SinmeB_5455,SinmeB_3437,SinmeB_2275,SinmeB_5273
SinmeB_4532,SinmeB_6344,SinmeB_3127,SinmeB_2270,SinmeB_4834,SinmeB_0701
SinmeB_2274,SinmeB_4467,SinmeB_4469,SinmeB_2275,SinmeB_2808,SinmeB_4467
SinmeB_3948,SinmeB_3125,SinmeB_5408,SinmeB_2855,SinmeB_0539,SinmeB_1697
SinmeB_5455,SinmeB_5783,SinmeB_1697,SinmeB_3001,SinmeB_3437,SinmeB_3456
SinmeB_3437,SinmeB_0277,SinmeB_2274,SinmeB_2808,SinmeB_6705,SinmeB_5765
SinmeB_0539,SinmeB_4943,SinmeB_5783,SinmeB_4467,SinmeB_2270,SinmeB_3125
SinmeB_2270,SinmeB_3456,SinmeB_5222,SinmeB_6344,SinmeB_2280,SinmeB_0277
SinmeB_3001,SinmeB_4373,SinmeB_5300,SinmeB_3125,SinmeB_5408,SinmeB_5222
SinmeB_3127,SinmeB_0591,SinmeB_2280,SinmeB_3230,SinmeB_3001,SinmeB_4943
SinmeB_4469,SinmeB_4522,SinmeB_5704,SinmeB_0277,SinmeB_1697,SinmeB_4666
SinmeB_6705,SinmeB_3230,SinmeB_0591,SinmeB_4943,SinmeB_5222,SinmeB_5252
SinmeB_5783,SinmeB_4666,SinmeB_0278,SinmeB_2846,SinmeB_5500,SinmeB_4373
SinmeB_3745,SinmeB_3931,SinmeB_5479,SinmeB_5500,SinmeB_5300,SinmeB_4592
SinmeB_5500,SinmeB_5375,SinmeB_5282,SinmeB_4373,SinmeB_3745,SinmeB_5282
SinmeB_0548,SinmeB_4499,SinmeB_5252,SinmeB_3456,SinmeB_5704,SinmeB_5479
SinmeB_0591,SinmeB_2274,SinmeB_3931,SinmeB_0548,SinmeB_0548,SinmeB_5704
SinmeB_3247,SinmeB_6588,SinmeB_5273,SinmeB_3247,SinmeB_0278,SinmeB_4522
SinmeB_3931,SinmeB_4489,SinmeB_5422,SinmeB_4522,SinmeB_5479,SinmeB_5422
SinmeB_2485,SinmeB_6674,SinmeB_4728,SinmeB_2485,SinmeB_3247,SinmeB_0278
SinmeB_5375,SinmeB_2845,SinmeB_5375,SinmeB_4666,SinmeB_5282,SinmeB_4699
SinmeB_6674,SinmeB_4699,SinmeB_5765,SinmeB_4499,SinmeB_5252,SinmeB_4728
SinmeB_4872,SinmeB_4952,SinmeB_4374,SinmeB_6588,SinmeB_2485,SinmeB_4499
SinmeB_2846,SinmeB_2538,SinmeB_6674,SinmeB_2991,SinmeB_2846,SinmeB_3230
SinmeB_2845,SinmeB_5301,SinmeB_3202,SinmeB_3230,SinmeB_5422,SinmeB_6588
SinmeB_5539,SinmeB_4430,SinmeB_5278,SinmeB_4489,SinmeB_5273,SinmeB_4489
SinmeB_0154,SinmeB_2991,SinmeB_2845,SinmeB_4872,SinmeB_4728,SinmeB_3202
SinmeB_5424,SinmeB_3230,SinmeB_4592,SinmeB_3745,SinmeB_5765,SinmeB_4374
SinmeB_3792,SinmeB_5539,SinmeB_4952,SinmeB_4699,SinmeB_4374,SinmeB_4571
SinmeB_4952,SinmeB_0373,SinmeB_2538,SinmeB_5424,SinmeB_4872,SinmeB_5278
SinmeB_6616,SinmeB_0860,SinmeB_5539,SinmeB_4430,SinmeB_5278,SinmeB_1325
SinmeB_0373,SinmeB_3244,SinmeB_0373,SinmeB_6616,SinmeB_3202,SinmeB_4430
SinmeB_2538,SinmeB_4557,SinmeB_5301,SinmeB_0860,SinmeB_4592,SinmeB_2280
SinmeB_2261,SinmeB_5086,SinmeB_3244,SinmeB_2261,SinmeB_5424,SinmeB_5086
SinmeB_3244,SinmeB_2801,SinmeB_4571,SinmeB_4813,SinmeB_6616,SinmeB_0860
SinmeB_4464,SinmeB_6706,SinmeB_2801,SinmeB_4836,SinmeB_0154,SinmeB_2991
SinmeB_2801,SinmeB_3248,SinmeB_0356,SinmeB_4029,SinmeB_2261,SinmeB_3230
SinmeB_4464,SinmeB_3206,SinmeB_6335,SinmeB_4920,SinmeB_4464,SinmeB_3206
SinmeB_6301,SinmeB_5936,SinmeB_1325,SinmeB_4557,SinmeB_4571,SinmeB_4557
SinmeB_1593,SinmeB_0399,SinmeB_5593,SinmeB_4464,SinmeB_0356,SinmeB_6335
SinmeB_5301,SinmeB_4813,SinmeB_3792,SinmeB_6706,SinmeB_4464,SinmeB_3248
SinmeB_0399,SinmeB_4836,SinmeB_0399,SinmeB_4464,SinmeB_6335,SinmeB_6706
SinmeB_5564,SinmeB_5253,SinmeB_4989,SinmeB_3248,SinmeB_1325,SinmeB_0356
SinmeB_5069,SinmeB_4989,SinmeB_4350,SinmeB_5086,SinmeB_4920,SinmeB_5593
SinmeB_4989,SinmeB_4350,SinmeB_0235,SinmeB_5069,SinmeB_4029,SinmeB_5936
SinmeB_4350,SinmeB_5836,SinmeB_5253,SinmeB_5936,SinmeB_3868,SinmeB_5836
SinmeB_0235,SinmeB_0235,SinmeB_4292,SinmeB_3206,SinmeB_5593,SinmeB_4813
SinmeB_4920,SinmeB_4292,SinmeB_6301,SinmeB_5836,SinmeB_5069,SinmeB_4836
SinmeB_4029,SinmeB_0046,SinmeB_3868,SinmeB_0154,SinmeB_4847,SinmeB_1099
SinmeB_5253,SinmeB_1099,SinmeB_5082,SinmeB_1808,SinmeB_5564,SinmeB_0046
SinmeB_4429,SinmeB_5277,SinmeB_1593,SinmeB_0046,SinmeB_4429,SinmeB_5082
SinmeB_4292,SinmeB_4159,SinmeB_4159,SinmeB_4425,SinmeB_4425,SinmeB_5277
SinmeB_4425,SinmeB_3792,SinmeB_4847,SinmeB_1099,SinmeB_5082,SinmeB_4468
SinmeB_4159,SinmeB_1808,SinmeB_4468,SinmeB_4429,SinmeB_1327,SinmeB_2403
SinmeB_1327,SinmeB_2403,SinmeB_5283,SinmeB_4877,SinmeB_4877,SinmeB_1808
SinmeB_1327,SinmeB_3788,SinmeB_2405,SinmeB_5277,SinmeB_4468,SinmeB_4347
SinmeB_2402,SinmeB_4347,SinmeB_0356,SinmeB_2403,SinmeB_1327,SinmeB_3788
SinmeB_2772,SinmeB_5283,SinmeB_4634,SinmeB_1327,SinmeB_2402,SinmeB_2405
SinmeB_2088,SinmeB_6301,SinmeB_2406,SinmeB_3788,SinmeB_2405,SinmeB_0080
SinmeB_5283,SinmeB_0080,SinmeB_0163,SinmeB_1327,SinmeB_0356,SinmeB_0356
SinmeB_3713,SinmeB_4634,SinmeB_6439,SinmeB_5564,SinmeB_3211,SinmeB_3868
SinmeB_3145,SinmeB_1593,SinmeB_2088,SinmeB_4347,SinmeB_4811,SinmeB_3788
SinmeB_4811,SinmeB_3788,SinmeB_2772,SinmeB_3211,SinmeB_4811,SinmeB_1328
SinmeB_3211,SinmeB_1328,SinmeB_0643,SinmeB_2402,SinmeB_3586,SinmeB_5734
SinmeB_4877,SinmeB_2406,SinmeB_3713,SinmeB_4811,SinmeB_2089,SinmeB_4847
SinmeB_1765,SinmeB_0163,SinmeB_4337,SinmeB_0080,SinmeB_1765,SinmeB_6439
SinmeB_4811,SinmeB_5734,SinmeB_3145,SinmeB_4811,SinmeB_6439,SinmeB_1328
SinmeB_2089,SinmeB_1328,SinmeB_4355,SinmeB_3788,SinmeB_2034,SinmeB_4337
SinmeB_3586,SinmeB_0643,SinmeB_5050,SinmeB_3586,SinmeB_4337,SinmeB_4355
SinmeB_4634,SinmeB_5050,SinmeB_2801,SinmeB_1328,SinmeB_4355,SinmeB_1684
SinmeB_2406,SinmeB_5430,SinmeB_5050,SinmeB_5734,SinmeB_4474,SinmeB_5865
SinmeB_2772,SinmeB_2801,SinmeB_5865,SinmeB_1328,SinmeB_5865,SinmeB_4543
SinmeB_0163,SinmeB_4543,SinmeB_2772,SinmeB_2034,SinmeB_0461,SinmeB_5366
SinmeB_0643,SinmeB_5050,SinmeB_5430,SinmeB_4474,SinmeB_3586,SinmeB_3212
SinmeB_2034,SinmeB_2772,SinmeB_0643,SinmeB_1765,SinmeB_6179,SinmeB_5734
SinmeB_5050,SinmeB_2088,SinmeB_3740,SinmeB_4543,SinmeB_2280,SinmeB_4543
SinmeB_2801,SinmeB_3145,SinmeB_3209,SinmeB_2089,SinmeB_3199,SinmeB_5255
SinmeB_5050,SinmeB_3713,SinmeB_0461,SinmeB_5734,SinmeB_5385,SinmeB_1888
SinmeB_4474,SinmeB_5734,SinmeB_1593,SinmeB_6179,SinmeB_1684,SinmeB_4337
SinmeB_1593,SinmeB_3212,SinmeB_2347,SinmeB_3586,SinmeB_4337,SinmeB_1695
SinmeB_3586,SinmeB_4543,SinmeB_1684,SinmeB_5385,SinmeB_1323,SinmeB_4354
SinmeB_6179,SinmeB_3740,SinmeB_4337,SinmeB_1323,SinmeB_5544,SinmeB_4301
SinmeB_0643,SinmeB_3209,SinmeB_1888,SinmeB_3212,SinmeB_2952,SinmeB_4475
SinmeB_3740,SinmeB_0643,SinmeB_5366,SinmeB_4543,SinmeB_6024,SinmeB_5936
SinmeB_3209,SinmeB_2347,SinmeB_5049,SinmeB_3945,SinmeB_1888,SinmeB_5049
SinmeB_2347,SinmeB_5255,SinmeB_4301,SinmeB_3199,SinmeB_4434,SinmeB_4639
SinmeB_5430,SinmeB_2772,SinmeB_1668,SinmeB_4434,SinmeB_5049,SinmeB_3222
SinmeB_3199,SinmeB_1695,SinmeB_6622,SinmeB_5544,SinmeB_4301,SinmeB_6622
SinmeB_2952,SinmeB_5936,SinmeB_2280,SinmeB_5255,SinmeB_1668,SinmeB_0349
SinmeB_5544,SinmeB_4354,SinmeB_3222,SinmeB_2279,SinmeB_5366,SinmeB_3945
SinmeB_5639,SinmeB_3945,SinmeB_4751,SinmeB_2952,SinmeB_6622,SinmeB_4385
SinmeB_5385,SinmeB_4639,SinmeB_4501,SinmeB_1695,SinmeB_5639,SinmeB_5298
SinmeB_1323,SinmeB_4475,SinmeB_4385,SinmeB_5936,SinmeB_2786,SinmeB_1668
SinmeB_6616,SinmeB_0349,SinmeB_0278,SinmeB_4354,SinmeB_3222,SinmeB_1683
SinmeB_4501,SinmeB_5298,SinmeB_6024,SinmeB_4639,SinmeB_0278,SinmeB_2279
SinmeB_4751,SinmeB_4751,SinmeB_5296,SinmeB_4475,SinmeB_6616,SinmeB_0461
SinmeB_4434,SinmeB_1593,SinmeB_6178,SinmeB_5639,SinmeB_4385,SinmeB_4417
SinmeB_5083,SinmeB_2279,SinmeB_5083,SinmeB_0349,SinmeB_5327,SinmeB_0278
SinmeB_5296,SinmeB_4501,SinmeB_4417,SinmeB_5298,SinmeB_5865,SinmeB_2349
SinmeB_5327,SinmeB_5296,SinmeB_5865,SinmeB_5327,SinmeB_4417,SinmeB_2939
SinmeB_6178,SinmeB_1683,SinmeB_2786,SinmeB_6616,SinmeB_2939,SinmeB_5865
SinmeB_5539,SinmeB_6178,SinmeB_2939,SinmeB_1683,SinmeB_2344,SinmeB_5265
SinmeB_4386,SinmeB_5083,SinmeB_4386,SinmeB_2349,SinmeB_3791,SinmeB_0860
SinmeB_2344,SinmeB_2349,SinmeB_5539,SinmeB_0860,SinmeB_4754,SinmeB_2280
SinmeB_3931,SinmeB_4386,SinmeB_5472,SinmeB_5265,SinmeB_5935,SinmeB_4132
SinmeB_2169,SinmeB_5265,SinmeB_3931,SinmeB_2344,SinmeB_2850,SinmeB_6024
SinmeB_5472,SinmeB_0860,SinmeB_4754,SinmeB_4132,SinmeB_2169,SinmeB_0046
SinmeB_5935,SinmeB_4132,SinmeB_1431,SinmeB_5935,SinmeB_5049,SinmeB_2850
SinmeB_5083,SinmeB_5472,SinmeB_2850,SinmeB_0046,SinmeB_4617,SinmeB_4754
SinmeB_1431,SinmeB_5539,SinmeB_5083,SinmeB_6706,SinmeB_4617,SinmeB_4617
SinmeB_4159,SinmeB_1431,SinmeB_4226,SinmeB_6531,SinmeB_3126,SinmeB_5049
SinmeB_4226,SinmeB_3931,SinmeB_5049,SinmeB_5254,SinmeB_4719,SinmeB_6531
SinmeB_5254,SinmeB_0046,SinmeB_4617,SinmeB_0017,SinmeB_5254,SinmeB_6706
SinmeB_1672,SinmeB_4226,SinmeB_4159,SinmeB_5264,SinmeB_2850,SinmeB_3126
SinmeB_3244,SinmeB_5083,SinmeB_3791,SinmeB_4647,SinmeB_5264,SinmeB_0017
SinmeB_5264,SinmeB_6706,SinmeB_3126,SinmeB_4470,SinmeB_5546,SinmeB_2786
SinmeB_4618,SinmeB_6531,SinmeB_4617,SinmeB_5836,SinmeB_4470,SinmeB_4719
SinmeB_2952,SinmeB_4159,SinmeB_4719,SinmeB_2687,SinmeB_2952,SinmeB_4617
SinmeB_4470,SinmeB_0017,SinmeB_2850,SinmeB_2169,SinmeB_3725,SinmeB_2850
SinmeB_2563,SinmeB_4618,SinmeB_1672,SinmeB_2952,SinmeB_2563,SinmeB_5546
SinmeB_3725,SinmeB_1672,SinmeB_4618,SinmeB_3725,SinmeB_5704,SinmeB_2687
SinmeB_2275,SinmeB_2687,SinmeB_3244,SinmeB_2563,SinmeB_4441,SinmeB_5836
SinmeB_4473,SinmeB_5836,SinmeB_5546,SinmeB_5390,SinmeB_2275,SinmeB_2723
SinmeB_3792,SinmeB_3244,SinmeB_4473,SinmeB_4372,SinmeB_5390,SinmeB_4441
SinmeB_0285,SinmeB_4473,SinmeB_4441,SinmeB_5085,SinmeB_4372,SinmeB_3791
SinmeB_4641,SinmeB_4647,SinmeB_5704,SinmeB_3001,SinmeB_5085,SinmeB_5704
SinmeB_5085,SinmeB_4501,SinmeB_0556,SinmeB_2835,SinmeB_0556,SinmeB_4647
SinmeB_5390,SinmeB_4641,SinmeB_2723,SinmeB_2275,SinmeB_0285,SinmeB_0556
SinmeB_4372,SinmeB_2835,SinmeB_4641,SinmeB_4499,SinmeB_6335,SinmeB_0350
SinmeB_4501,SinmeB_1672,SinmeB_6335,SinmeB_6176,SinmeB_2723,SinmeB_4158
SinmeB_3001,SinmeB_6176,SinmeB_4501,SinmeB_5001,SinmeB_6622,SinmeB_5290
SinmeB_1672,SinmeB_4499,SinmeB_6622,SinmeB_5290,SinmeB_3791,SinmeB_6335
SinmeB_5650,SinmeB_5001,SinmeB_0350,SinmeB_3950,SinmeB_3001,SinmeB_2835
SinmeB_2947,SinmeB_5290,SinmeB_1672,SinmeB_5545,SinmeB_2178,SinmeB_6622
SinmeB_3760,SinmeB_5545,SinmeB_5082,SinmeB_4753,SinmeB_5082,SinmeB_6176
SinmeB_4493,SinmeB_3950,SinmeB_4158,SinmeB_0285,SinmeB_0350,SinmeB_5545
SinmeB_5564,SinmeB_3760,SinmeB_3792,SinmeB_4493,SinmeB_4158,SinmeB_5082
SinmeB_5643,SinmeB_4753,SinmeB_3760,SinmeB_5643,SinmeB_4493,SinmeB_5001
SinmeB_4834,SinmeB_5650,SinmeB_5650,SinmeB_1695,SinmeB_5643,SinmeB_4499
SinmeB_5500,SinmeB_1695,SinmeB_2178,SinmeB_5501,SinmeB_6439,SinmeB_3950
SinmeB_0279,SinmeB_5501,SinmeB_3791,SinmeB_4834,SinmeB_4834,SinmeB_4753
SinmeB_3128,SinmeB_2345,SinmeB_6439,SinmeB_2345,SinmeB_5564,SinmeB_1695
SinmeB_2402,SinmeB_6531,SinmeB_6532,SinmeB_3128,SinmeB_5500,SinmeB_6439
SinmeB_5085,SinmeB_3792,SinmeB_0279,SinmeB_6531,SinmeB_3128,SinmeB_5501
SinmeB_5283,SinmeB_5283,SinmeB_4951,SinmeB_3945,SinmeB_6532,SinmeB_2345
SinmeB_3745,SinmeB_0279,SinmeB_2947,SinmeB_5500,SinmeB_5085,SinmeB_4951
SinmeB_0548,SinmeB_3945,SinmeB_4728,SinmeB_5085,SinmeB_4951,SinmeB_6531
SinmeB_3430,SinmeB_4428,SinmeB_5283,SinmeB_2402,SinmeB_4728,SinmeB_6532
SinmeB_4428,SinmeB_6603,SinmeB_6177,SinmeB_5564,SinmeB_2402,SinmeB_6177
SinmeB_3725,SinmeB_0104,SinmeB_4817,SinmeB_0548,SinmeB_6177,SinmeB_6603
SinmeB_2485,SinmeB_2947,SinmeB_4428,SinmeB_6603,SinmeB_3745,SinmeB_4728
SinmeB_3760,SinmeB_4347,SinmeB_5262,SinmeB_4846,SinmeB_4817,SinmeB_4817
SinmeB_0279,SinmeB_3430,SinmeB_3430,SinmeB_3725,SinmeB_0548,SinmeB_5262
SinmeB_3301,SinmeB_0277,SinmeB_4423,SinmeB_0104,SinmeB_5262,SinmeB_2178
SinmeB_3740,SinmeB_3760,SinmeB_3760,SinmeB_4347,SinmeB_3423,SinmeB_3791
SinmeB_3437,SinmeB_2258,SinmeB_3301,SinmeB_0277,SinmeB_3725,SinmeB_4423
SinmeB_6256,SinmeB_3301,SinmeB_4476,SinmeB_4647,SinmeB_4423,SinmeB_3945
SinmeB_6565,SinmeB_4950,SinmeB_3423,SinmeB_2485,SinmeB_2485,SinmeB_0104
SinmeB_3209,SinmeB_4846,SinmeB_4946,SinmeB_2258,SinmeB_4476,SinmeB_4347
SinmeB_2270,SinmeB_3740,SinmeB_3740,SinmeB_3745,SinmeB_6256,SinmeB_4476
SinmeB_3247,SinmeB_4876,SinmeB_0398,SinmeB_4950,SinmeB_0445,SinmeB_2258
SinmeB_1703,SinmeB_4132,SinmeB_0445,SinmeB_6256,SinmeB_4946,SinmeB_0277
SinmeB_0373,SinmeB_0807,SinmeB_0279,SinmeB_6565,SinmeB_0398,SinmeB_4950
SinmeB_4443,SinmeB_4647,SinmeB_1678,SinmeB_4132,SinmeB_6565,SinmeB_4946
SinmeB_3734,SinmeB_0279,SinmeB_4301,SinmeB_3437,SinmeB_1678,SinmeB_0398
SinmeB_0591,SinmeB_3209,SinmeB_4374,SinmeB_0807,SinmeB_4301,SinmeB_1882
SinmeB_5647,SinmeB_5361,SinmeB_3209,SinmeB_3734,SinmeB_3437,SinmeB_1678
SinmeB_4876,SinmeB_1882,SinmeB_4876,SinmeB_5361,SinmeB_4374,SinmeB_4846
SinmeB_3219,SinmeB_4924,SinmeB_0373,SinmeB_4443,SinmeB_2270,SinmeB_4132
SinmeB_3650,SinmeB_4943,SinmeB_1678,SinmeB_2270,SinmeB_4443,SinmeB_4301
SinmeB_4521,SinmeB_5501,SinmeB_0591,SinmeB_1882,SinmeB_3734,SinmeB_5361
SinmeB_5297,SinmeB_2345,SinmeB_4355,SinmeB_4924,SinmeB_3247,SinmeB_0807
SinmeB_5506,SinmeB_0373,SinmeB_5278,SinmeB_4943,SinmeB_1703,SinmeB_0445
SinmeB_4428,SinmeB_5653,SinmeB_5933,SinmeB_3247,SinmeB_1678,SinmeB_4374
SinmeB_0354,SinmeB_0591,SinmeB_5087,SinmeB_5501,SinmeB_5647,SinmeB_4924
SinmeB_5652,SinmeB_3219,SinmeB_3219,SinmeB_2345,SinmeB_4355,SinmeB_4647
SinmeB_1699,SinmeB_1677,SinmeB_4754,SinmeB_5506,SinmeB_5278,SinmeB_5501
SinmeB_0806,SinmeB_5281,SinmeB_5593,SinmeB_5653,SinmeB_3650,SinmeB_2345
SinmeB_1326,SinmeB_4428,SinmeB_4428,SinmeB_5647,SinmeB_5506,SinmeB_4943
SinmeB_0075,SinmeB_1385,SinmeB_4750,SinmeB_1703,SinmeB_5087,SinmeB_1678
SinmeB_6179,SinmeB_0075,SinmeB_3126,SinmeB_3650,SinmeB_5933,SinmeB_3423
SinmeB_4752,SinmeB_4489,SinmeB_5645,SinmeB_1385,SinmeB_5297,SinmeB_5933
SinmeB_4990,SinmeB_2564,SinmeB_1326,SinmeB_5297,SinmeB_4754,SinmeB_5653
SinmeB_4872,SinmeB_1326,SinmeB_0075,SinmeB_1677,SinmeB_4521,SinmeB_5087
SinmeB_4387,SinmeB_1699,SinmeB_3300,SinmeB_5281,SinmeB_5593,SinmeB_4355
SinmeB_3612,SinmeB_1871,SinmeB_1699,SinmeB_4521,SinmeB_3126,SinmeB_5278
SinmeB_3865,SinmeB_3682,SinmeB_3222,SinmeB_0354,SinmeB_4750,SinmeB_5281
SinmeB_1289,SinmeB_5425,SinmeB_5408,SinmeB_0806,SinmeB_0354,SinmeB_4750
SinmeB_0163,SinmeB_1324,SinmeB_2661,SinmeB_2564,SinmeB_5645,SinmeB_1677
SinmeB_4990,SinmeB_3612,SinmeB_3612,SinmeB_4489,SinmeB_0806,SinmeB_5593
SinmeB_2344,SinmeB_5425,SinmeB_0163,SinmeB_5652,SinmeB_5652,SinmeB_1871
SinmeB_3793,SinmeB_5930,SinmeB_5930,SinmeB_1871,SinmeB_3300,SinmeB_5645
SinmeB_5930,SinmeB_2258,SinmeB_0398,SinmeB_5425,SinmeB_6179,SinmeB_4754
SinmeB_4532,SinmeB_0163,SinmeB_2405,SinmeB_6179,SinmeB_4752,SinmeB_3126
SinmeB_4493,SinmeB_3125,SinmeB_5641,SinmeB_3682,SinmeB_4990,SinmeB_3300
SinmeB_2089,SinmeB_5934,SinmeB_4532,SinmeB_4752,SinmeB_3222,SinmeB_4489
SinmeB_5934,SinmeB_4532,SinmeB_1697,SinmeB_4990,SinmeB_5408,SinmeB_2564
SinmeB_3256,SinmeB_5389,SinmeB_5801,SinmeB_1324,SinmeB_4872,SinmeB_1385
SinmeB_5389,SinmeB_2271,SinmeB_5934,SinmeB_4872,SinmeB_2661,SinmeB_3682
SinmeB_6674,SinmeB_6588,SinmeB_5911,SinmeB_5425,SinmeB_4387,SinmeB_2661
SinmeB_0235,SinmeB_0584,SinmeB_4719,SinmeB_4990,SinmeB_5911,SinmeB_3222
SinmeB_3128,SinmeB_5281,SinmeB_5389,SinmeB_4387,SinmeB_4990,SinmeB_5425
SinmeB_5375,SinmeB_0838,SinmeB_3865,SinmeB_2258,SinmeB_2344,SinmeB_5408
SinmeB_0838,SinmeB_3256,SinmeB_1289,SinmeB_2344,SinmeB_2405,SinmeB_1324
SinmeB_4386,SinmeB_6674,SinmeB_3256,SinmeB_0584,SinmeB_0398,SinmeB_2258
SinmeB_2449,SinmeB_0235,SinmeB_6674,SinmeB_3125,SinmeB_5641,SinmeB_0398
SinmeB_4443,SinmeB_1677,SinmeB_0235,SinmeB_4493,SinmeB_4493,SinmeB_5425
SinmeB_4634,SinmeB_0378,SinmeB_0838,SinmeB_2271,SinmeB_1697,SinmeB_3125
SinmeB_5360,SinmeB_1099,SinmeB_5375,SinmeB_6588,SinmeB_5801,SinmeB_5641
SinmeB_2808,SinmeB_5375,SinmeB_4386,SinmeB_5281,SinmeB_3793,SinmeB_2405
SinmeB_2261,SinmeB_3221,SinmeB_1100,SinmeB_1677,SinmeB_4719,SinmeB_1697
SinmeB_2347,SinmeB_4386,SinmeB_4634,SinmeB_3128,SinmeB_2089,SinmeB_2271
SinmeB_3612,SinmeB_3865,SinmeB_2346,SinmeB_0378,SinmeB_3128,SinmeB_4719
SinmeB_1326,SinmeB_1289,SinmeB_4817,SinmeB_1099,SinmeB_5360,SinmeB_5801
SinmeB_1681,SinmeB_4634,SinmeB_4955,SinmeB_3793,SinmeB_4443,SinmeB_6588
SinmeB_2089,SinmeB_5898,SinmeB_0556,SinmeB_5360,SinmeB_1100,SinmeB_5281
SinmeB_2845,SinmeB_5932,SinmeB_4431,SinmeB_3221,SinmeB_2346,SinmeB_0584
SinmeB_0399,SinmeB_3612,SinmeB_3208,SinmeB_4443,SinmeB_4817,SinmeB_0378
SinmeB_5935,SinmeB_5644,SinmeB_3612,SinmeB_5898,SinmeB_2808,SinmeB_3221
SinmeB_5650,SinmeB_1326,SinmeB_1326,SinmeB_2089,SinmeB_2261,SinmeB_1099
SinmeB_4356,SinmeB_1681,SinmeB_2347,SinmeB_5932,SinmeB_0556,SinmeB_1677
SinmeB_4350,SinmeB_2347,SinmeB_1681,SinmeB_5644,SinmeB_4955,SinmeB_4431
SinmeB_1694,SinmeB_4557,SinmeB_2845,SinmeB_2261,SinmeB_4431,SinmeB_2346
SinmeB_5646,SinmeB_0399,SinmeB_0399,SinmeB_4557,SinmeB_3208,SinmeB_4955
SinmeB_4953,SinmeB_2845,SinmeB_2449,SinmeB_5935,SinmeB_5935,SinmeB_5911
SinmeB_4725,SinmeB_4350,SinmeB_5087,SinmeB_4953,SinmeB_2089,SinmeB_5932
SinmeB_5652,SinmeB_0807,SinmeB_4350,SinmeB_0807,SinmeB_5087,SinmeB_3208
SinmeB_4226,SinmeB_5646,SinmeB_4356,SinmeB_1694,SinmeB_4953,SinmeB_4817
SinmeB_0838,SinmeB_4725,SinmeB_5650,SinmeB_2808,SinmeB_1694,SinmeB_1100
SinmeB_4668,SinmeB_4356,SinmeB_5646,SinmeB_5652,SinmeB_6024,SinmeB_5898
SinmeB_4725,SinmeB_5650,SinmeB_4725,SinmeB_3950,SinmeB_5652,SinmeB_5644
SinmeB_5284,SinmeB_0838,SinmeB_0838,SinmeB_2089,SinmeB_5647,SinmeB_0556
SinmeB_5647,SinmeB_4226,SinmeB_4226,SinmeB_2687,SinmeB_4385,SinmeB_4557
SinmeB_4989,SinmeB_4725,SinmeB_4725,SinmeB_5647,SinmeB_5284,SinmeB_5087
SinmeB_5424,SinmeB_3950,SinmeB_4668,SinmeB_3248,SinmeB_5424,SinmeB_0807
SinmeB_4520,SinmeB_2449,SinmeB_4385,SinmeB_5298,SinmeB_4752,SinmeB_3950
SinmeB_4752,SinmeB_2687,SinmeB_4989,SinmeB_5284,SinmeB_4349,SinmeB_2687
SinmeB_3430,SinmeB_4668,SinmeB_6024,SinmeB_5277,SinmeB_4417,SinmeB_4385
SinmeB_3301,SinmeB_3248,SinmeB_4520,SinmeB_5424,SinmeB_4946,SinmeB_5298
SinmeB_2406,SinmeB_5298,SinmeB_3301,SinmeB_2271,SinmeB_5479,SinmeB_3248
SinmeB_4926,SinmeB_4989,SinmeB_4926,SinmeB_4752,SinmeB_5654,SinmeB_5277
SinmeB_1681,SinmeB_5277,SinmeB_2406,SinmeB_2564,SinmeB_0445,SinmeB_2271
SinmeB_2808,SinmeB_2271,SinmeB_4349,SinmeB_6666,SinmeB_2808,SinmeB_6612
SinmeB_5564,SinmeB_4926,SinmeB_3430,SinmeB_6612,SinmeB_5643,SinmeB_6666
SinmeB_5643,SinmeB_4520,SinmeB_1681,SinmeB_4639,SinmeB_6565,SinmeB_5654
SinmeB_5642,SinmeB_3301,SinmeB_4417,SinmeB_5001,SinmeB_5564,SinmeB_2564
SinmeB_6565,SinmeB_2564,SinmeB_4946,SinmeB_5470,SinmeB_3300,SinmeB_4639
SinmeB_5642,SinmeB_6666,SinmeB_5654,SinmeB_4916,SinmeB_3211,SinmeB_4349
SinmeB_3211,SinmeB_6612,SinmeB_5479,SinmeB_0104,SinmeB_4472,SinmeB_4417
SinmeB_4919,SinmeB_4639,SinmeB_0445,SinmeB_5648,SinmeB_2034,SinmeB_4946
SinmeB_2034,SinmeB_1681,SinmeB_5642,SinmeB_5643,SinmeB_3255,SinmeB_5470
SinmeB_3028,SinmeB_2406,SinmeB_4919,SinmeB_6565,SinmeB_6532,SinmeB_5001
SinmeB_4751,SinmeB_5001,SinmeB_3300,SinmeB_5653,SinmeB_5641,SinmeB_4916
SinmeB_5263,SinmeB_3430,SinmeB_5642,SinmeB_4471,SinmeB_3199,SinmeB_5479
SinmeB_3199,SinmeB_5470,SinmeB_4472,SinmeB_4647,SinmeB_0620,SinmeB_0104
SinmeB_4419,SinmeB_4916,SinmeB_5263,SinmeB_3211,SinmeB_2563,SinmeB_6024
SinmeB_5455,SinmeB_0104,SinmeB_4751,SinmeB_2403,SinmeB_0642,SinmeB_5648
SinmeB_2920,SinmeB_4919,SinmeB_3028,SinmeB_4753,SinmeB_5388,SinmeB_4471
SinmeB_2563,SinmeB_5648,SinmeB_2920,SinmeB_2808,SinmeB_3202,SinmeB_3300
SinmeB_5646,SinmeB_5642,SinmeB_3255,SinmeB_2034,SinmeB_1694,SinmeB_0445
SinmeB_5472,SinmeB_5642,SinmeB_6532,SinmeB_5564,SinmeB_5645,SinmeB_4472
SinmeB_1694,SinmeB_4471,SinmeB_4419,SinmeB_3199,SinmeB_3557,SinmeB_5653
SinmeB_5639,SinmeB_2920,SinmeB_5641,SinmeB_4924,SinmeB_5639,SinmeB_2403
SinmeB_5783,SinmeB_5653,SinmeB_0620,SinmeB_4354,SinmeB_5222,SinmeB_4753
SinmeB_3557,SinmeB_5263,SinmeB_5455,SinmeB_2563,SinmeB_6611,SinmeB_6532
SinmeB_1703,SinmeB_2403,SinmeB_5646,SinmeB_1324,SinmeB_0642,SinmeB_0620
SinmeB_5423,SinmeB_4753,SinmeB_0642,SinmeB_3557,SinmeB_1703,SinmeB_3255
SinmeB_6611,SinmeB_4751,SinmeB_5472,SinmeB_4570,SinmeB_5422,SinmeB_5641
SinmeB_3650,SinmeB_3028,SinmeB_5388,SinmeB_1694,SinmeB_5282,SinmeB_4924
SinmeB_6256,SinmeB_4419,SinmeB_3202,SinmeB_4950,SinmeB_3650,SinmeB_4647
SinmeB_2834,SinmeB_4647,SinmeB_5645,SinmeB_5639,SinmeB_5649,SinmeB_0642
SinmeB_3256,SinmeB_4924,SinmeB_5783,SinmeB_6611,SinmeB_6256,SinmeB_4354
SinmeB_5931,SinmeB_5646,SinmeB_5222,SinmeB_6666,SinmeB_5933,SinmeB_5388
SinmeB_0354,SinmeB_5455,SinmeB_5423,SinmeB_3650,SinmeB_5931,SinmeB_3202
SinmeB_2275,SinmeB_4354,SinmeB_0642,SinmeB_4570,SinmeB_2834,SinmeB_4570
SinmeB_4866,SinmeB_5472,SinmeB_5422,SinmeB_6256,SinmeB_4624,SinmeB_1324
SinmeB_3355,SinmeB_1324,SinmeB_5282,SinmeB_5931,SinmeB_4917,SinmeB_5645
SinmeB_1703,SinmeB_4570,SinmeB_5649,SinmeB_5265,SinmeB_5546,SinmeB_4950
SinmeB_3665,SinmeB_4950,SinmeB_5933,SinmeB_1703,SinmeB_0354,SinmeB_5222
SinmeB_5784,SinmeB_5783,SinmeB_4624,SinmeB_5478,SinmeB_4847,SinmeB_0642
SinmeB_4601,SinmeB_6666,SinmeB_4917,SinmeB_4421,SinmeB_4476,SinmeB_6666
SinmeB_2348,SinmeB_5423,SinmeB_5546,SinmeB_2834,SinmeB_0590,SinmeB_4570
SinmeB_3127,SinmeB_4570,SinmeB_3256,SinmeB_0354,SinmeB_0620,SinmeB_5478
SinmeB_4795,SinmeB_5265,SinmeB_4866,SinmeB_2855,SinmeB_2275,SinmeB_5422
SinmeB_4641,SinmeB_5478,SinmeB_4476,SinmeB_3726,SinmeB_4441,SinmeB_5282
SinmeB_4372,SinmeB_4421,SinmeB_0590,SinmeB_0080,SinmeB_2346,SinmeB_5649
SinmeB_4904,SinmeB_4866,SinmeB_0620,SinmeB_0017,SinmeB_6177,SinmeB_4421
SinmeB_5390,SinmeB_2855,SinmeB_4601,SinmeB_2023,SinmeB_5784,SinmeB_4917
SinmeB_2401,SinmeB_4601,SinmeB_3355,SinmeB_5784,SinmeB_1703,SinmeB_5933
SinmeB_5264,SinmeB_3256,SinmeB_2346,SinmeB_2348,SinmeB_2348,SinmeB_4624
SinmeB_5323,SinmeB_3726,SinmeB_4441,SinmeB_0349,SinmeB_3255,SinmeB_5265
SinmeB_4474,SinmeB_0080,SinmeB_6177,SinmeB_0378,SinmeB_0861,SinmeB_5546
SinmeB_4424,SinmeB_3355,SinmeB_4847,SinmeB_1703,SinmeB_4951,SinmeB_0590
SinmeB_4794,SinmeB_0017,SinmeB_3255,SinmeB_2275,SinmeB_4795,SinmeB_3726
SinmeB_5069,SinmeB_0349,SinmeB_0861,SinmeB_3682,SinmeB_5649,SinmeB_2855
SinmeB_5296,SinmeB_0378,SinmeB_3127,SinmeB_4795,SinmeB_5262,SinmeB_4476
SinmeB_6178,SinmeB_2023,SinmeB_3665,SinmeB_4954,SinmeB_4372,SinmeB_0620
SinmeB_0806,SinmeB_3127,SinmeB_4951,SinmeB_4372,SinmeB_6613,SinmeB_2346
SinmeB_4953,SinmeB_3682,SinmeB_5649,SinmeB_4796,SinmeB_1692,SinmeB_0080
SinmeB_4429,SinmeB_4954,SinmeB_5262,SinmeB_5390,SinmeB_5390,SinmeB_4441
SinmeB_4582,SinmeB_4796,SinmeB_6613,SinmeB_2023,SinmeB_5264,SinmeB_6177
SinmeB_4473,SinmeB_3665,SinmeB_1692,SinmeB_5264,SinmeB_0590,SinmeB_0017
SinmeB_5547,SinmeB_4641,SinmeB_4641,SinmeB_4522,SinmeB_4468,SinmeB_0378
SinmeB_0557,SinmeB_2401,SinmeB_2401,SinmeB_4474,SinmeB_4474,SinmeB_0349
SinmeB_4711,SinmeB_4424,SinmeB_4904,SinmeB_2652,SinmeB_3208,SinmeB_3682
SinmeB_5544,SinmeB_4522,SinmeB_0590,SinmeB_4846,SinmeB_5069,SinmeB_4951
SinmeB_1693,SinmeB_2023,SinmeB_5323,SinmeB_5069,SinmeB_0806,SinmeB_2023
SinmeB_3734,SinmeB_5323,SinmeB_4468,SinmeB_4953,SinmeB_4953,SinmeB_0861
SinmeB_5934,SinmeB_4794,SinmeB_4424,SinmeB_0806,SinmeB_2661,SinmeB_3255
SinmeB_6602,SinmeB_4904,SinmeB_3208,SinmeB_4916,SinmeB_4429,SinmeB_1692
SinmeB_5359,SinmeB_5296,SinmeB_4794,SinmeB_4429,SinmeB_4582,SinmeB_6613
SinmeB_4659,SinmeB_6178,SinmeB_5296,SinmeB_4582,SinmeB_4750,SinmeB_4954
SinmeB_4952,SinmeB_4916,SinmeB_6178,SinmeB_5644,SinmeB_4711,SinmeB_5649
SinmeB_4419,SinmeB_5644,SinmeB_2661,SinmeB_5648,SinmeB_2939,SinmeB_4847
SinmeB_1699,SinmeB_2652,SinmeB_4750,SinmeB_6430,SinmeB_2263,SinmeB_5262
SinmeB_6611,SinmeB_5648,SinmeB_0557,SinmeB_1677,SinmeB_5544,SinmeB_4796
SinmeB_6614,SinmeB_6430,SinmeB_4473,SinmeB_4711,SinmeB_3734,SinmeB_0590
SinmeB_4470,SinmeB_4846,SinmeB_2939,SinmeB_5544,SinmeB_2280,SinmeB_4522
SinmeB_5327,SinmeB_0557,SinmeB_5547,SinmeB_3734,SinmeB_4624,SinmeB_3208
SinmeB_5253,SinmeB_1677,SinmeB_2263,SinmeB_5550,SinmeB_6602,SinmeB_4468
SinmeB_4866,SinmeB_4473,SinmeB_1693,SinmeB_6602,SinmeB_4423,SinmeB_2023
SinmeB_6614,SinmeB_5547,SinmeB_4624,SinmeB_3221,SinmeB_6611,SinmeB_4916
SinmeB_5930,SinmeB_1693,SinmeB_5359,SinmeB_4467,SinmeB_2024,SinmeB_2661
SinmeB_0075,SinmeB_5359,SinmeB_5934,SinmeB_4373,SinmeB_5252,SinmeB_6430
SinmeB_1674,SinmeB_5934,SinmeB_2280,SinmeB_6611,SinmeB_4470,SinmeB_5644
SinmeB_4292,SinmeB_5550,SinmeB_4659,SinmeB_5425,SinmeB_4472,SinmeB_5648
SinmeB_1682,SinmeB_4659,SinmeB_4952,SinmeB_5932,SinmeB_5327,SinmeB_2652
SinmeB_4425,SinmeB_3221,SinmeB_4419,SinmeB_4470,SinmeB_4955,SinmeB_4846
SinmeB_2274,SinmeB_4467,SinmeB_4423,SinmeB_5470,SinmeB_3255,SinmeB_4750
SinmeB_2401,SinmeB_4373,SinmeB_1699,SinmeB_0355,SinmeB_1674,SinmeB_2263
SinmeB_4795,SinmeB_4419,SinmeB_6614,SinmeB_3212,SinmeB_1682,SinmeB_2939
SinmeB_4469,SinmeB_4952,SinmeB_5252,SinmeB_5327,SinmeB_4847,SinmeB_1677
SinmeB_5389,SinmeB_5932,SinmeB_4472,SinmeB_2279,SinmeB_1668,SinmeB_4624
SinmeB_1690,SinmeB_6614,SinmeB_2024,SinmeB_3726,SinmeB_4425,SinmeB_5550
SinmeB_0558,SinmeB_5425,SinmeB_6614,SinmeB_1682,SinmeB_4795,SinmeB_3221
SinmeB_1694,SinmeB_1699,SinmeB_4866,SinmeB_1674,SinmeB_1668,SinmeB_4467
SinmeB_5254,SinmeB_0355,SinmeB_5253,SinmeB_3558,SinmeB_0558,SinmeB_4373
SinmeB_1685,SinmeB_5470,SinmeB_4955,SinmeB_6612,SinmeB_1690,SinmeB_4423
SinmeB_4711,SinmeB_3212,SinmeB_5930,SinmeB_4591,SinmeB_1694,SinmeB_5932
SinmeB_4582,SinmeB_6614,SinmeB_0075,SinmeB_4425,SinmeB_5254,SinmeB_2280
SinmeB_0279,SinmeB_4866,SinmeB_3255,SinmeB_5255,SinmeB_1888,SinmeB_0355
SinmeB_4926,SinmeB_5253,SinmeB_4292,SinmeB_1784,SinmeB_4711,SinmeB_5252
SinmeB_1690,SinmeB_5930,SinmeB_1668,SinmeB_4795,SinmeB_5471,SinmeB_5425
SinmeB_1674,SinmeB_3726,SinmeB_4847,SinmeB_0558,SinmeB_4582,SinmeB_5470
SinmeB_4618,SinmeB_0075,SinmeB_2401,SinmeB_1690,SinmeB_6613,SinmeB_4472
SinmeB_3557,SinmeB_2279,SinmeB_2274,SinmeB_4430,SinmeB_1690,SinmeB_3212
SinmeB_1693,SinmeB_3558,SinmeB_5389,SinmeB_4421,SinmeB_1674,SinmeB_4955
SinmeB_1686,SinmeB_4292,SinmeB_4469,SinmeB_5254,SinmeB_3557,SinmeB_3726
SinmeB_4432,SinmeB_6612,SinmeB_1668,SinmeB_1694,SinmeB_1686,SinmeB_3558
SinmeB_5360,SinmeB_4591,SinmeB_1685,SinmeB_1324,SinmeB_3397,SinmeB_4591
SinmeB_2538,SinmeB_5255,SinmeB_1888,SinmeB_4796,SinmeB_5360,SinmeB_2279
SinmeB_4442,SinmeB_2401,SinmeB_5471,SinmeB_2835,SinmeB_1692,SinmeB_6612
SinmeB_0433,SinmeB_5389,SinmeB_4926,SinmeB_4711,SinmeB_1430,SinmeB_2024
SinmeB_5931,SinmeB_4469,SinmeB_0279,SinmeB_4582,SinmeB_4640,SinmeB_3255
SinmeB_2348,SinmeB_1784,SinmeB_6613,SinmeB_2349,SinmeB_4431,SinmeB_1668
SinmeB_0557,SinmeB_4430,SinmeB_4618,SinmeB_1690,SinmeB_0433,SinmeB_5255
SinmeB_4919,SinmeB_4421,SinmeB_1693,SinmeB_1674,SinmeB_2024,SinmeB_4847
SinmeB_0558,SinmeB_2274,SinmeB_3397,SinmeB_3557,SinmeB_5931,SinmeB_1784
SinmeB_5297,SinmeB_4796,SinmeB_4432,SinmeB_1686,SinmeB_4925,SinmeB_4430
SinmeB_4659,SinmeB_1685,SinmeB_4442,SinmeB_6176,SinmeB_2348,SinmeB_4421
SinmeB_1685,SinmeB_1324,SinmeB_1692,SinmeB_5360,SinmeB_0558,SinmeB_1668
SinmeB_5263,SinmeB_2835,SinmeB_2538,SinmeB_4471,SinmeB_5297,SinmeB_4796
SinmeB_1693,SinmeB_4926,SinmeB_1430,SinmeB_1784,SinmeB_0445,SinmeB_5471
SinmeB_4424,SinmeB_2349,SinmeB_4640,SinmeB_1683,SinmeB_4917,SinmeB_1324
SinmeB_3256,SinmeB_0279,SinmeB_4431,SinmeB_1691,SinmeB_4158,SinmeB_2835
SinmeB_3430,SinmeB_4618,SinmeB_4925,SinmeB_0433,SinmeB_5654,SinmeB_1888
SinmeB_1699,SinmeB_1693,SinmeB_0557,SinmeB_4475,SinmeB_2263,SinmeB_6613
SinmeB_4442,SinmeB_6176,SinmeB_2024,SinmeB_5931,SinmeB_2034,SinmeB_2349
SinmeB_4794,SinmeB_4442,SinmeB_4919,SinmeB_2348,SinmeB_0350,SinmeB_6176
SinmeB_2034,SinmeB_4432,SinmeB_0445,SinmeB_0558,SinmeB_1674,SinmeB_3397
SinmeB_1674,SinmeB_4471,SinmeB_4659,SinmeB_5297,SinmeB_3397,SinmeB_1692
SinmeB_2088,SinmeB_2538,SinmeB_1685,SinmeB_5443,SinmeB_1682,SinmeB_4471
SinmeB_1431,SinmeB_1683,SinmeB_5263,SinmeB_5478,SinmeB_1686,SinmeB_1430
SinmeB_1682,SinmeB_1691,SinmeB_1693,SinmeB_4954,SinmeB_5280,SinmeB_1691
SinmeB_1685,SinmeB_1784,SinmeB_4424,SinmeB_3079,SinmeB_1688,SinmeB_1683
SinmeB_5280,SinmeB_4475,SinmeB_4917,SinmeB_6379,SinmeB_3949,SinmeB_4640
SinmeB_1686,SinmeB_0557,SinmeB_3256,SinmeB_2564,SinmeB_1690,SinmeB_4431
SinmeB_1431,SinmeB_4919,SinmeB_1699,SinmeB_5361,SinmeB_0433,SinmeB_4925
SinmeB_4794,SinmeB_5443,SinmeB_3430,SinmeB_4621,SinmeB_3949,SinmeB_4475
SinmeB_3949,SinmeB_4659,SinmeB_4442,SinmeB_2034,SinmeB_4795,SinmeB_1784
SinmeB_1690,SinmeB_1685,SinmeB_4158,SinmeB_1674,SinmeB_2563,SinmeB_5443
SinmeB_4641,SinmeB_5263,SinmeB_4794,SinmeB_1691,SinmeB_1686,SinmeB_2024
SinmeB_0433,SinmeB_5478,SinmeB_5654,SinmeB_0355,SinmeB_1688,SinmeB_0445
SinmeB_3949,SinmeB_4954,SinmeB_2263,SinmeB_3558,SinmeB_5471,SinmeB_5478
SinmeB_4795,SinmeB_1693,SinmeB_0350,SinmeB_6379,SinmeB_4189,SinmeB_4954
SinmeB_5359,SinmeB_4424,SinmeB_2088,SinmeB_5545,SinmeB_5639,SinmeB_4917
SinmeB_2563,SinmeB_3079,SinmeB_1431,SinmeB_1972,SinmeB_5639,SinmeB_3079
SinmeB_3948,SinmeB_6379,SinmeB_3397,SinmeB_3201,SinmeB_3947,SinmeB_6379
SinmeB_1686,SinmeB_4442,SinmeB_1685,SinmeB_4796,SinmeB_4925,SinmeB_4158
SinmeB_4641,SinmeB_3256,SinmeB_1688,SinmeB_0454,SinmeB_1682,SinmeB_2263
SinmeB_3948,SinmeB_1699,SinmeB_4794,SinmeB_1682,SinmeB_4189,SinmeB_5654
SinmeB_4190,SinmeB_3430,SinmeB_1431,SinmeB_1686,SinmeB_2161,SinmeB_5361
SinmeB_5639,SinmeB_4794,SinmeB_4641,SinmeB_5280,SinmeB_1971,SinmeB_0350
SinmeB_5639,SinmeB_5361,SinmeB_5359,SinmeB_3079,SinmeB_1971,SinmeB_2564
SinmeB_4601,SinmeB_2564,SinmeB_3948,SinmeB_4591,SinmeB_3947,SinmeB_4621
SinmeB_1689,SinmeB_4621,SinmeB_4641,SinmeB_1687,SinmeB_4920,SinmeB_0355
SinmeB_3430,SinmeB_1691,SinmeB_3948,SinmeB_1691,SinmeB_1688,SinmeB_1691
SinmeB_1682,SinmeB_0355,SinmeB_1688,SinmeB_3949,SinmeB_5280,SinmeB_3558
SinmeB_4190,SinmeB_3558,SinmeB_5471,SinmeB_1690,SinmeB_5649,SinmeB_6379
SinmeB_1971,SinmeB_2088,SinmeB_4190,SinmeB_0433,SinmeB_5649,SinmeB_1972
SinmeB_1971,SinmeB_6379,SinmeB_4189,SinmeB_3949,SinmeB_2161,SinmeB_5545
SinmeB_1689,SinmeB_1431,SinmeB_4601,SinmeB_1687,SinmeB_4754,SinmeB_3397
SinmeB_4920,SinmeB_5545,SinmeB_3947,SinmeB_4795,SinmeB_5641,SinmeB_3201
SinmeB_1689,SinmeB_1972,SinmeB_1689,SinmeB_2563,SinmeB_5641,SinmeB_4796
SinmeB_5280,SinmeB_3201,SinmeB_4925,SinmeB_1686,SinmeB_4754,SinmeB_0454
SinmeB_5650,SinmeB_4796,SinmeB_3430,SinmeB_5639,SinmeB_2405,SinmeB_1688
SinmeB_2406,SinmeB_0454,SinmeB_4190,SinmeB_5639,SinmeB_2402,SinmeB_4591
SinmeB_5650,SinmeB_1685,SinmeB_4189,SinmeB_1972,SinmeB_5652,SinmeB_3079
SinmeB_2402,SinmeB_3079,SinmeB_2161,SinmeB_1682,SinmeB_2405,SinmeB_1687
SinmeB_5652,SinmeB_4591,SinmeB_3947,SinmeB_0454,SinmeB_2402,SinmeB_1691
SinmeB_2402,SinmeB_4794,SinmeB_1689,SinmeB_5653,SinmeB_4750,SinmeB_1687
SinmeB_5642,SinmeB_1431,SinmeB_1689,SinmeB_1971,SinmeB_2407,SinmeB_1688
SinmeB_2407,SinmeB_1687,SinmeB_1688,SinmeB_5653,SinmeB_5647,SinmeB_5471
SinmeB_5647,SinmeB_1691,SinmeB_5649,SinmeB_6430,SinmeB_5643,SinmeB_4189
SinmeB_2406,SinmeB_4641,SinmeB_5649,SinmeB_1971,SinmeB_5643,SinmeB_1972
SinmeB_5643,SinmeB_1687,SinmeB_5650,SinmeB_4920,SinmeB_5652,SinmeB_3947
SinmeB_5643,SinmeB_5359,SinmeB_2406,SinmeB_5640,SinmeB_4752,SinmeB_4925
SinmeB_5646,SinmeB_3948,SinmeB_2161,SinmeB_1687,SinmeB_4752,SinmeB_5653
SinmeB_4751,SinmeB_4641,SinmeB_4754,SinmeB_5280,SinmeB_2407,SinmeB_0454
SinmeB_5646,SinmeB_3948,SinmeB_5641,SinmeB_1683,SinmeB_5647,SinmeB_2161
SinmeB_5642,SinmeB_4190,SinmeB_5641,SinmeB_5648,SinmeB_5645,SinmeB_4189
SinmeB_5652,SinmeB_4601,SinmeB_5650,SinmeB_4753,SinmeB_5645,SinmeB_3947
SinmeB_4752,SinmeB_1689,SinmeB_4754,SinmeB_4753,SinmeB_4750,SinmeB_5653
SinmeB_4752,SinmeB_1972,SinmeB_2405,SinmeB_5648,,SinmeB_6430
SinmeB_2407,SinmeB_5653,SinmeB_2405,SinmeB_5640,,SinmeB_1688
SinmeB_4751,SinmeB_3430,SinmeB_5642,SinmeB_2402,,SinmeB_5640
SinmeB_5647,SinmeB_0454,SinmeB_4750,SinmeB_5652,,SinmeB_1687
,SinmeB_4190,SinmeB_2406,SinmeB_2402,,SinmeB_5649
,SinmeB_5653,SinmeB_5646,SinmeB_2407,,SinmeB_1683
,SinmeB_6430,SinmeB_4751,SinmeB_5647,,SinmeB_5649
,SinmeB_1689,SinmeB_5646,SinmeB_5643,,SinmeB_5648
,SinmeB_1689,SinmeB_5642,SinmeB_5644,,SinmeB_4753
,SinmeB_5640,SinmeB_4751,SinmeB_5643,,SinmeB_4753
,SinmeB_1687,SinmeB_5645,SinmeB_2403,,SinmeB_2161
,SinmeB_1683,SinmeB_5645,SinmeB_5652,,SinmeB_4754
,SinmeB_5650,SinmeB_4750,SinmeB_4752,,SinmeB_5641
,SinmeB_5648,,SinmeB_4752,,SinmeB_5641
,SinmeB_2406,,SinmeB_5644,,SinmeB_4754
,SinmeB_4753,,SinmeB_2403,,SinmeB_2405
,SinmeB_4753,,SinmeB_2407,,SinmeB_5648
,SinmeB_5650,,SinmeB_5647,,SinmeB_5640
,SinmeB_5648,,,,SinmeB_2405
,SinmeB_5640,,,,SinmeB_4750
,SinmeB_5642,,,,SinmeB_5644
,SinmeB_2406,,,,SinmeB_2403
,SinmeB_5644,,,,SinmeB_5644
,SinmeB_5646,,,,SinmeB_2403
,SinmeB_2403,,,,SinmeB_5645
,SinmeB_4751,,,,SinmeB_5645
,SinmeB_5646,,,,SinmeB_4750
,SinmeB_5642,,,,
,SinmeB_5644,,,,
,SinmeB_2403,,,,
,SinmeB_4751,,,,
